{
	"carName": "ferrari_488_gt3_evo",
	"basicSetup":
	{
		"tyres":
		{
			"tyreCompound": 1,
			"tyrePressure": [ 59, 67, 48, 55 ]
		},
		"alignment":
		{
			"camber": [ 25, 25, 30, 30 ],
			"toe": [ 40, 40, 40, 40 ],
			"staticCamber": [ -1.6887104511260986, -1.6837401390075684, -0.77390283346176147, -0.7695586085319519 ],
			"toeOutLinear": [ 0.0006207354599609971, 0.00062061339849606156, -0.00065665791044011712, -0.00065709592308849096 ],
			"casterLF": 46,
			"casterRF": 46,
			"steerRatio": 4
		},
		"electronics":
		{
			"tC1": 6,
			"tC2": 6,
			"abs": 5,
			"eCUMap": 0,
			"fuelMix": 0,
			"telemetryLaps": 6
		},
		"strategy":
		{
			"fuel": 58,
			"nPitStops": 0,
			"tyreSet": 0,
			"frontBrakePadCompound": 2,
			"rearBrakePadCompound": 2,
			"pitStrategy": [
				{
					"fuelToAdd": 0,
					"tyres":
					{
						"tyreCompound": 0,
						"tyrePressure": [ 72, 72, 71, 71 ]
					},
					"tyreSet": 2,
					"frontBrakePadCompound": 2,
					"rearBrakePadCompound": 2
				}
			],
			"fuelPerLap": 2.6099998950958252
		}
	},
	"advancedSetup":
	{
		"mechanicalBalance":
		{
			"aRBFront": 20,
			"aRBRear": 1,
			"wheelRate": [ 5, 5, 1, 1 ],
			"bumpStopRateUp": [ 7, 7, 2, 2 ],
			"bumpStopRateDn": [ 0, 0, 10, 10 ],
			"bumpStopWindow": [ 0, 0, 50, 50 ],
			"brakeTorque": 20,
			"brakeBias": 15
		},
		"dampers":
		{
			"bumpSlow": [ 8, 8, 2, 2 ],
			"bumpFast": [ 2, 2, 3, 3 ],
			"reboundSlow": [ 4, 4, 3, 3 ],
			"reboundFast": [ 4, 4, 4, 4 ]
		},
		"aeroBalance":
		{
			"rideHeight": [ 7, 6, 3, 18 ],
			"rodLength": [ -25.51051139831543, -25.51051139831543, -21.288877487182617, -21.288877487182617 ],
			"splitter": 0,
			"rearWing": 14,
			"brakeDuct": [ 4, 5 ]
		},
		"drivetrain":
		{
			"preload": 15
		}
	},
	"trackBopType": 11
}