{
	"carName": "mclaren_720s_gt3",
	"basicSetup":
	{
		"tyres":
		{
			"tyreCompound": 0,
			"tyrePressure": [ 68, 63, 61, 56 ]
		},
		"alignment":
		{
			"camber": [ 10, 10, 15, 15 ],
			"toe": [ 44, 44, 13, 13 ],
			"staticCamber": [ -4.5998334884643555, -4.6020278930664063, -4.1539182662963867, -4.1577863693237305 ],
			"toeOutLinear": [ 0.0014868559082970023, 0.0014868886210024357, 0.00019883425557054579, 0.00019888313545379788 ],
			"casterLF": 8,
			"casterRF": 8,
			"steerRatio": 1
		},
		"electronics":
		{
			"tC1": 1,
			"tC2": 6,
			"abs": 4,
			"eCUMap": 0,
			"fuelMix": 0,
			"telemetryLaps": 10
		},
		"strategy":
		{
			"fuel": 13,
			"nPitStops": 0,
			"tyreSet": 10,
			"frontBrakePadCompound": 0,
			"rearBrakePadCompound": 0,
			"pitStrategy": [
				{
					"fuelToAdd": 100,
					"tyres":
					{
						"tyreCompound": 0,
						"tyrePressure": [ 59, 68, 54, 62 ]
					},
					"tyreSet": 45,
					"frontBrakePadCompound": 1,
					"rearBrakePadCompound": 1
				},
				{
					"fuelToAdd": 100,
					"tyres":
					{
						"tyreCompound": 1,
						"tyrePressure": [ 59, 68, 54, 62 ]
					},
					"tyreSet": 2,
					"frontBrakePadCompound": 1,
					"rearBrakePadCompound": 1
				}
			],
			"fuelPerLap": 3.541583776473999
		}
	},
	"advancedSetup":
	{
		"mechanicalBalance":
		{
			"aRBFront": 4,
			"aRBRear": 10,
			"wheelRate": [ 7, 7, 6, 6 ],
			"bumpStopRateUp": [ 5, 5, 6, 6 ],
			"bumpStopRateDn": [ 0, 0, 10, 10 ],
			"bumpStopWindow": [ 3, 3, 22, 22 ],
			"brakeTorque": 20,
			"brakeBias": 24
		},
		"dampers":
		{
			"bumpSlow": [ 32, 32, 25, 25 ],
			"bumpFast": [ 28, 28, 19, 19 ],
			"reboundSlow": [ 31, 31, 23, 23 ],
			"reboundFast": [ 25, 25, 21, 21 ]
		},
		"aeroBalance":
		{
			"rideHeight": [ 2, 6, 3, 18 ],
			"rodLength": [ 55.023666381835938, 55.023666381835938, 29.809616088867188, 29.809616088867188 ],
			"splitter": 0,
			"rearWing": 4,
			"brakeDuct": [ 4, 3 ]
		},
		"drivetrain":
		{
			"preload": 0
		}
	},
	"trackBopType": 12
}