{
	"carName": "mclaren_720s_gt3",
	"basicSetup":
	{
		"tyres":
		{
			"tyreCompound": 0,
			"tyrePressure": [ 74, 69, 70, 65 ]
		},
		"alignment":
		{
			"camber": [ 10, 10, 15, 15 ],
			"toe": [ 36, 36, 22, 22 ],
			"staticCamber": [ -4.6090116500854492, -4.611259937286377, -4.4149360656738281, -4.4191684722900391 ],
			"toeOutLinear": [ 0.0016616827342659235, 0.0016616977518424392, 0.00045841981773264706, 0.00045848952140659094 ],
			"casterLF": 11,
			"casterRF": 11,
			"steerRatio": 2
		},
		"electronics":
		{
			"tC1": 3,
			"tC2": 6,
			"abs": 4,
			"eCUMap": 0,
			"fuelMix": 0,
			"telemetryLaps": 5
		},
		"strategy":
		{
			"fuel": 78,
			"nPitStops": 0,
			"tyreSet": 5,
			"frontBrakePadCompound": 1,
			"rearBrakePadCompound": 1,
			"pitStrategy": [
				{
					"fuelToAdd": 0,
					"tyres":
					{
						"tyreCompound": 0,
						"tyrePressure": [ 50, 63, 47, 59 ]
					},
					"tyreSet": 2,
					"frontBrakePadCompound": 1,
					"rearBrakePadCompound": 1
				}
			],
			"fuelPerLap": 3.5136337280273438
		}
	},
	"advancedSetup":
	{
		"mechanicalBalance":
		{
			"aRBFront": 3,
			"aRBRear": 8,
			"wheelRate": [ 5, 5, 4, 4 ],
			"bumpStopRateUp": [ 8, 8, 2, 2 ],
			"bumpStopRateDn": [ 0, 0, 10, 10 ],
			"bumpStopWindow": [ 6, 6, 50, 50 ],
			"brakeTorque": 20,
			"brakeBias": 40
		},
		"dampers":
		{
			"bumpSlow": [ 19, 19, 23, 23 ],
			"bumpFast": [ 26, 26, 21, 21 ],
			"reboundSlow": [ 13, 13, 34, 34 ],
			"reboundFast": [ 18, 18, 17, 17 ]
		},
		"aeroBalance":
		{
			"rideHeight": [ 4, 6, 10, 18 ],
			"rodLength": [ 59.471054077148438, 59.471054077148438, 40.504302978515625, 40.504302978515625 ],
			"splitter": 0,
			"rearWing": 6,
			"brakeDuct": [ 2, 2 ]
		},
		"drivetrain":
		{
			"preload": 4
		}
	},
	"trackBopType": 12
}