{
	"carName": "audi_r8_lms_evo",
	"basicSetup":
	{
		"tyres":
		{
			"tyreCompound": 0,
			"tyrePressure": [ 57, 60, 57, 60 ]
		},
		"alignment":
		{
			"camber": [ 12, 12, 15, 15 ],
			"toe": [ 26, 26, 54, 54 ],
			"staticCamber": [ -3.9502246379852295, -3.9541177749633789, -3.293950080871582, -3.3050723075866699 ],
			"toeOutLinear": [ 0.00044425125815905631, 0.00044432008871808648, 0.00049154518637806177, 0.00049154652515426278 ],
			"casterLF": 14,
			"casterRF": 14,
			"steerRatio": 4
		},
		"electronics":
		{
			"tC1": 3,
			"tC2": 0,
			"abs": 2,
			"eCUMap": 0,
			"fuelMix": 0,
			"telemetryLaps": 15
		},
		"strategy":
		{
			"fuel": 12,
			"nPitStops": 0,
			"tyreSet": 4,
			"frontBrakePadCompound": 0,
			"rearBrakePadCompound": 0,
			"pitStrategy": [
				{
					"fuelToAdd": 0,
					"tyres":
					{
						"tyreCompound": 0,
						"tyrePressure": [ 50, 53, 47, 49 ]
					},
					"tyreSet": 2,
					"frontBrakePadCompound": 1,
					"rearBrakePadCompound": 1
				}
			],
			"fuelPerLap": 3.4442720413208008
		}
	},
	"advancedSetup":
	{
		"mechanicalBalance":
		{
			"aRBFront": 3,
			"aRBRear": 4,
			"wheelRate": [ 3, 3, 3, 3 ],
			"bumpStopRateUp": [ 7, 7, 4, 4 ],
			"bumpStopRateDn": [ 0, 0, 10, 10 ],
			"bumpStopWindow": [ 2, 2, 45, 45 ],
			"brakeTorque": 20,
			"brakeBias": 65
		},
		"dampers":
		{
			"bumpSlow": [ 20, 20, 12, 12 ],
			"bumpFast": [ 20, 20, 14, 14 ],
			"reboundSlow": [ 24, 24, 40, 40 ],
			"reboundFast": [ 30, 30, 17, 17 ]
		},
		"aeroBalance":
		{
			"rideHeight": [ 1, 6, 9, 18 ],
			"rodLength": [ 23.022598266601563, 23.022598266601563, 8.6188058853149414, 8.6188058853149414 ],
			"splitter": 0,
			"rearWing": 5,
			"brakeDuct": [ 4, 2 ]
		},
		"drivetrain":
		{
			"preload": 4
		}
	}
}