{
	"carName": "audi_r8_lms_evo",
	"basicSetup":
	{
		"tyres":
		{
			"tyreCompound": 0,
			"tyrePressure": [ 57, 60, 53, 56 ]
		},
		"alignment":
		{
			"camber": [ 12, 12, 15, 15 ],
			"toe": [ 29, 29, 57, 57 ],
			"staticCamber": [ -3.9560673236846924, -3.9544346332550049, -3.2313799858093262, -3.2291290760040283 ],
			"toeOutLinear": [ 0.00039171936805360019, 0.0003916774585377425, 0.00060022500110790133, 0.00060022488469257951 ],
			"casterLF": 14,
			"casterRF": 14,
			"steerRatio": 4
		},
		"electronics":
		{
			"tC1": 3,
			"tC2": 0,
			"abs": 2,
			"eCUMap": 0,
			"fuelMix": 0,
			"telemetryLaps": 15
		},
		"strategy":
		{
			"fuel": 58,
			"nPitStops": 0,
			"tyreSet": 7,
			"frontBrakePadCompound": 1,
			"rearBrakePadCompound": 1,
			"pitStrategy": [
				{
					"fuelToAdd": 0,
					"tyres":
					{
						"tyreCompound": 0,
						"tyrePressure": [ 50, 53, 47, 49 ]
					},
					"tyreSet": 2,
					"frontBrakePadCompound": 1,
					"rearBrakePadCompound": 1
				}
			],
			"fuelPerLap": 3.2903099060058594
		}
	},
	"advancedSetup":
	{
		"mechanicalBalance":
		{
			"aRBFront": 3,
			"aRBRear": 4,
			"wheelRate": [ 3, 3, 4, 4 ],
			"bumpStopRateUp": [ 9, 9, 4, 4 ],
			"bumpStopRateDn": [ 0, 0, 10, 10 ],
			"bumpStopWindow": [ 2, 2, 45, 45 ],
			"brakeTorque": 20,
			"brakeBias": 55
		},
		"dampers":
		{
			"bumpSlow": [ 9, 9, 12, 12 ],
			"bumpFast": [ 10, 10, 14, 14 ],
			"reboundSlow": [ 19, 19, 19, 19 ],
			"reboundFast": [ 20, 20, 17, 17 ]
		},
		"aeroBalance":
		{
			"rideHeight": [ 2, 6, 6, 18 ],
			"rodLength": [ 25.336566925048828, 25.336566925048828, 5.8226237297058105, 5.8226237297058105 ],
			"splitter": 0,
			"rearWing": 5,
			"brakeDuct": [ 4, 2 ]
		},
		"drivetrain":
		{
			"preload": 6
		}
	},
	"trackBopType": 14
}