{
	"carName": "audi_r8_lms_evo",
	"basicSetup":
	{
		"tyres":
		{
			"tyreCompound": 0,
			"tyrePressure": [ 57, 60, 53, 56 ]
		},
		"alignment":
		{
			"camber": [ 12, 12, 15, 15 ],
			"toe": [ 26, 26, 54, 54 ],
			"staticCamber": [ -3.9609630107879639, -3.9592840671539307, -3.3022654056549072, -3.3000819683074951 ],
			"toeOutLinear": [ 0.00045528082409873605, 0.00045531807700172067, 0.00049120211042463779, 0.00049120897892862558 ],
			"casterLF": 14,
			"casterRF": 14,
			"steerRatio": 4
		},
		"electronics":
		{
			"tC1": 3,
			"tC2": 0,
			"abs": 2,
			"eCUMap": 0,
			"fuelMix": 0,
			"telemetryLaps": 15
		},
		"strategy":
		{
			"fuel": 12,
			"nPitStops": 0,
			"tyreSet": 5,
			"frontBrakePadCompound": 0,
			"rearBrakePadCompound": 0,
			"pitStrategy": [
				{
					"fuelToAdd": 0,
					"tyres":
					{
						"tyreCompound": 0,
						"tyrePressure": [ 50, 53, 47, 49 ]
					},
					"tyreSet": 2,
					"frontBrakePadCompound": 1,
					"rearBrakePadCompound": 1
				}
			],
			"fuelPerLap": 3.3811163902282715
		}
	},
	"advancedSetup":
	{
		"mechanicalBalance":
		{
			"aRBFront": 3,
			"aRBRear": 4,
			"wheelRate": [ 3, 3, 3, 3 ],
			"bumpStopRateUp": [ 7, 7, 4, 4 ],
			"bumpStopRateDn": [ 0, 0, 10, 10 ],
			"bumpStopWindow": [ 2, 2, 45, 45 ],
			"brakeTorque": 20,
			"brakeBias": 65
		},
		"dampers":
		{
			"bumpSlow": [ 16, 16, 12, 12 ],
			"bumpFast": [ 20, 20, 14, 14 ],
			"reboundSlow": [ 24, 24, 30, 30 ],
			"reboundFast": [ 30, 30, 17, 17 ]
		},
		"aeroBalance":
		{
			"rideHeight": [ 2, 6, 9, 18 ],
			"rodLength": [ 24.918601989746094, 24.918601989746094, 8.8128557205200195, 8.8128557205200195 ],
			"splitter": 0,
			"rearWing": 5,
			"brakeDuct": [ 4, 2 ]
		},
		"drivetrain":
		{
			"preload": 4
		}
	},
	"trackBopType": 14
}