{
	"carName": "audi_r8_lms_evo",
	"basicSetup":
	{
		"tyres":
		{
			"tyreCompound": 0,
			"tyrePressure": [ 48, 64, 52, 63 ]
		},
		"alignment":
		{
			"camber": [ 10, 10, 12, 12 ],
			"toe": [ 29, 29, 56, 56 ],
			"staticCamber": [ -4.153435230255127, -4.1512355804443359, -3.6472716331481934, -3.6461544036865234 ],
			"toeOutLinear": [ 0.00038878843770362437, 0.00038907921407371759, 0.00054844649275764823, 0.00054836843628436327 ],
			"casterLF": 14,
			"casterRF": 14,
			"steerRatio": 4
		},
		"electronics":
		{
			"tC1": 3,
			"tC2": 0,
			"abs": 2,
			"eCUMap": 0,
			"fuelMix": 0,
			"telemetryLaps": 15
		},
		"strategy":
		{
			"fuel": 10,
			"nPitStops": 0,
			"tyreSet": 18,
			"frontBrakePadCompound": 0,
			"rearBrakePadCompound": 0,
			"pitStrategy": [
				{
					"fuelToAdd": 0,
					"tyres":
					{
						"tyreCompound": 0,
						"tyrePressure": [ 50, 53, 47, 49 ]
					},
					"tyreSet": 2,
					"frontBrakePadCompound": 1,
					"rearBrakePadCompound": 1
				}
			],
			"fuelPerLap": 3
		}
	},
	"advancedSetup":
	{
		"mechanicalBalance":
		{
			"aRBFront": 1,
			"aRBRear": 3,
			"wheelRate": [ 4, 4, 4, 4 ],
			"bumpStopRateUp": [ 8, 8, 4, 4 ],
			"bumpStopRateDn": [ 0, 0, 10, 10 ],
			"bumpStopWindow": [ 4, 4, 45, 45 ],
			"brakeTorque": 20,
			"brakeBias": 66
		},
		"dampers":
		{
			"bumpSlow": [ 10, 10, 14, 14 ],
			"bumpFast": [ 16, 16, 10, 10 ],
			"reboundSlow": [ 24, 24, 18, 18 ],
			"reboundFast": [ 26, 26, 15, 15 ]
		},
		"aeroBalance":
		{
			"rideHeight": [ 1, 6, 11, 18 ],
			"rodLength": [ 23.761125564575195, 23.761125564575195, 10.649689674377441, 10.649689674377441 ],
			"splitter": 0,
			"rearWing": 5,
			"brakeDuct": [ 3, 2 ]
		},
		"drivetrain":
		{
			"preload": 2
		}
	}
}