{
	"carName": "ferrari_488_gt3_evo",
	"basicSetup":
	{
		"tyres":
		{
			"tyreCompound": 0,
			"tyrePressure": [ 61, 73, 61, 70 ]
		},
		"alignment":
		{
			"camber": [ 3, 3, 2, 2 ],
			"toe": [ 0, 0, 0, 0 ],
			"staticCamber": [ -2.8209981918334961, -2.8155887126922607, -2.1893515586853027, -2.1818332672119141 ],
			"toeOutLinear": [ 0.0019743733573704958, 0.0019743652082979679, -0.001507681212387979, -0.0015075871488079429 ],
			"casterLF": 55,
			"casterRF": 55,
			"steerRatio": 4
		},
		"electronics":
		{
			"tC1": 7,
			"tC2": 0,
			"abs": 4,
			"eCUMap": 0,
			"fuelMix": 0,
			"telemetryLaps": 0
		},
		"strategy":
		{
			"fuel": 59,
			"nPitStops": 0,
			"tyreSet": 0,
			"frontBrakePadCompound": 0,
			"rearBrakePadCompound": 0,
			"pitStrategy": [
				{
					"fuelToAdd": 0,
					"tyres":
					{
						"tyreCompound": 0,
						"tyrePressure": [ 0, 0, 0, 0 ]
					},
					"tyreSet": 2,
					"frontBrakePadCompound": 0,
					"rearBrakePadCompound": 0
				}
			],
			"fuelPerLap": 2.6099998950958252
		}
	},
	"advancedSetup":
	{
		"mechanicalBalance":
		{
			"aRBFront": 20,
			"aRBRear": 10,
			"wheelRate": [ 6, 6, 7, 7 ],
			"bumpStopRateUp": [ 7, 7, 12, 12 ],
			"bumpStopRateDn": [ 0, 0, 10, 10 ],
			"bumpStopWindow": [ 1, 1, 50, 50 ],
			"brakeTorque": 20,
			"brakeBias": 38
		},
		"dampers":
		{
			"bumpSlow": [ 4, 4, 3, 3 ],
			"bumpFast": [ 2, 2, 2, 2 ],
			"reboundSlow": [ 4, 4, 4, 4 ],
			"reboundFast": [ 2, 2, 3, 3 ]
		},
		"aeroBalance":
		{
			"rideHeight": [ 0, 6, 9, 18 ],
			"rodLength": [ -32.830036163330078, -32.830036163330078, -22.139474868774414, -22.139474868774414 ],
			"splitter": 0,
			"rearWing": 14,
			"brakeDuct": [ 4, 3 ]
		},
		"drivetrain":
		{
			"preload": 23
		}
	},
	"trackBopType": 36
}