{
	"carName": "ferrari_488_gt3_evo",
	"basicSetup":
	{
		"tyres":
		{
			"tyreCompound": 0,
			"tyrePressure": [ 51, 66, 56, 65 ]
		},
		"alignment":
		{
			"camber": [ 0, 0, 1, 1 ],
			"toe": [ 25, 25, 45, 45 ],
			"staticCamber": [ -3.0785868167877197, -3.0706055164337158, -2.2610292434692383, -2.2537713050842285 ],
			"toeOutLinear": [ 0.0011635542614385486, 0.0011634926777333021, -0.00052682735258713365, -0.00052691466407850385 ],
			"casterLF": 46,
			"casterRF": 46,
			"steerRatio": 4
		},
		"electronics":
		{
			"tC1": 5,
			"tC2": 5,
			"abs": 5,
			"eCUMap": 0,
			"fuelMix": 0,
			"telemetryLaps": 7
		},
		"strategy":
		{
			"fuel": 11,
			"nPitStops": 0,
			"tyreSet": 5,
			"frontBrakePadCompound": 0,
			"rearBrakePadCompound": 0,
			"pitStrategy": [
				{
					"fuelToAdd": 0,
					"tyres":
					{
						"tyreCompound": 0,
						"tyrePressure": [ 51, 67, 51, 63 ]
					},
					"tyreSet": 2,
					"frontBrakePadCompound": 1,
					"rearBrakePadCompound": 1
				}
			],
			"fuelPerLap": 2.2987194061279297
		}
	},
	"advancedSetup":
	{
		"mechanicalBalance":
		{
			"aRBFront": 39,
			"aRBRear": 8,
			"wheelRate": [ 9, 9, 2, 2 ],
			"bumpStopRateUp": [ 4, 4, 2, 2 ],
			"bumpStopRateDn": [ 0, 0, 10, 10 ],
			"bumpStopWindow": [ 2, 2, 50, 50 ],
			"brakeTorque": 20,
			"brakeBias": 50
		},
		"dampers":
		{
			"bumpSlow": [ 2, 2, 1, 1 ],
			"bumpFast": [ 1, 1, 2, 2 ],
			"reboundSlow": [ 4, 4, 8, 8 ],
			"reboundFast": [ 3, 3, 3, 3 ]
		},
		"aeroBalance":
		{
			"rideHeight": [ 0, 6, 5, 18 ],
			"rodLength": [ -37.111137390136719, -37.111137390136719, -21.446414947509766, -21.446414947509766 ],
			"splitter": 0,
			"rearWing": 12,
			"brakeDuct": [ 2, 2 ]
		},
		"drivetrain":
		{
			"preload": 8
		}
	},
	"trackBopType": 28
}