{
	"carName": "mclaren_720s_gt3",
	"basicSetup":
	{
		"tyres":
		{
			"tyreCompound": 0,
			"tyrePressure": [ 56, 66, 55, 64 ]
		},
		"alignment":
		{
			"camber": [ 15, 13, 18, 18 ],
			"toe": [ 43, 43, 15, 15 ],
			"staticCamber": [ -4.1149692535400391, -4.2989521026611328, -3.7743904590606689, -3.7653241157531738 ],
			"toeOutLinear": [ 0.0015237632906064391, 0.0015251338481903076, 0.00022647857258561999, 0.00022679014364257455 ],
			"casterLF": 11,
			"casterRF": 11,
			"steerRatio": 2
		},
		"electronics":
		{
			"tC1": 3,
			"tC2": 6,
			"abs": 3,
			"eCUMap": 0,
			"fuelMix": 0,
			"telemetryLaps": 15
		},
		"strategy":
		{
			"fuel": 19,
			"nPitStops": 0,
			"tyreSet": 2,
			"frontBrakePadCompound": 0,
			"rearBrakePadCompound": 0,
			"pitStrategy": [
				{
					"fuelToAdd": 0,
					"tyres":
					{
						"tyreCompound": 0,
						"tyrePressure": [ 54, 54, 48, 48 ]
					},
					"tyreSet": 2,
					"frontBrakePadCompound": 1,
					"rearBrakePadCompound": 1
				}
			],
			"fuelPerLap": 3.5402774810791016
		}
	},
	"advancedSetup":
	{
		"mechanicalBalance":
		{
			"aRBFront": 2,
			"aRBRear": 4,
			"wheelRate": [ 2, 2, 3, 3 ],
			"bumpStopRateUp": [ 5, 5, 2, 2 ],
			"bumpStopRateDn": [ 0, 0, 10, 10 ],
			"bumpStopWindow": [ 1, 1, 50, 50 ],
			"brakeTorque": 20,
			"brakeBias": 52
		},
		"dampers":
		{
			"bumpSlow": [ 25, 25, 17, 17 ],
			"bumpFast": [ 31, 31, 23, 23 ],
			"reboundSlow": [ 18, 18, 27, 27 ],
			"reboundFast": [ 19, 19, 23, 23 ]
		},
		"aeroBalance":
		{
			"rideHeight": [ 2, 6, 0, 18 ],
			"rodLength": [ 61.8692626953125, 61.8692626953125, 32.565990447998047, 32.565990447998047 ],
			"splitter": 0,
			"rearWing": 0,
			"brakeDuct": [ 2, 2 ]
		},
		"drivetrain":
		{
			"preload": 7
		}
	}
}