{
	"carName": "audi_r8_lms_evo",
	"basicSetup":
	{
		"tyres":
		{
			"tyreCompound": 0,
			"tyrePressure": [ 54, 65, 58, 65 ]
		},
		"alignment":
		{
			"camber": [ 11, 11, 13, 13 ],
			"toe": [ 30, 30, 58, 58 ],
			"staticCamber": [ -4.0541329383850098, -4.0442690849304199, -3.5433359146118164, -3.5323395729064941 ],
			"toeOutLinear": [ 0.00036569757503457367, 0.00036564879701472819, 0.00061495380941778421, 0.00061497959541156888 ],
			"casterLF": 14,
			"casterRF": 14,
			"steerRatio": 4
		},
		"electronics":
		{
			"tC1": 2,
			"tC2": 0,
			"abs": 2,
			"eCUMap": 0,
			"fuelMix": 0,
			"telemetryLaps": 15
		},
		"strategy":
		{
			"fuel": 10,
			"nPitStops": 0,
			"tyreSet": 12,
			"frontBrakePadCompound": 0,
			"rearBrakePadCompound": 0,
			"pitStrategy": [
				{
					"fuelToAdd": 0,
					"tyres":
					{
						"tyreCompound": 0,
						"tyrePressure": [ 50, 53, 47, 49 ]
					},
					"tyreSet": 2,
					"frontBrakePadCompound": 1,
					"rearBrakePadCompound": 1
				}
			],
			"fuelPerLap": 2.707578182220459
		}
	},
	"advancedSetup":
	{
		"mechanicalBalance":
		{
			"aRBFront": 3,
			"aRBRear": 3,
			"wheelRate": [ 4, 4, 4, 4 ],
			"bumpStopRateUp": [ 7, 7, 4, 4 ],
			"bumpStopRateDn": [ 0, 0, 10, 10 ],
			"bumpStopWindow": [ 2, 2, 45, 45 ],
			"brakeTorque": 20,
			"brakeBias": 63
		},
		"dampers":
		{
			"bumpSlow": [ 14, 14, 16, 16 ],
			"bumpFast": [ 16, 16, 10, 10 ],
			"reboundSlow": [ 25, 25, 18, 18 ],
			"reboundFast": [ 26, 26, 15, 15 ]
		},
		"aeroBalance":
		{
			"rideHeight": [ 1, 6, 11, 18 ],
			"rodLength": [ 23.650556564331055, 23.650556564331055, 10.610072135925293, 10.610072135925293 ],
			"splitter": 0,
			"rearWing": 5,
			"brakeDuct": [ 3, 2 ]
		},
		"drivetrain":
		{
			"preload": 4
		}
	}
}