{
	"carName": "audi_r8_lms_evo",
	"basicSetup":
	{
		"tyres":
		{
			"tyreCompound": 0,
			"tyrePressure": [ 53, 66, 50, 63 ]
		},
		"alignment":
		{
			"camber": [ 0, 0, 0, 0 ],
			"toe": [ 26, 26, 60, 60 ],
			"staticCamber": [ -4.1576619148254395, -4.1505889892578125, -3.2887229919433594, -3.2782666683197021 ],
			"toeOutLinear": [ 0.000446922960691154, 0.00044691812945529819, 0.00068966788239777088, 0.00068968255072832108 ],
			"casterLF": 14,
			"casterRF": 14,
			"steerRatio": 4
		},
		"electronics":
		{
			"tC1": 3,
			"tC2": 0,
			"abs": 2,
			"eCUMap": 0,
			"fuelMix": 0,
			"telemetryLaps": 15
		},
		"strategy":
		{
			"fuel": 58,
			"nPitStops": 0,
			"tyreSet": 7,
			"frontBrakePadCompound": 1,
			"rearBrakePadCompound": 1,
			"pitStrategy": [
				{
					"fuelToAdd": 0,
					"tyres":
					{
						"tyreCompound": 0,
						"tyrePressure": [ 50, 53, 47, 49 ]
					},
					"tyreSet": 2,
					"frontBrakePadCompound": 1,
					"rearBrakePadCompound": 1
				}
			],
			"fuelPerLap": 2.3803341388702393
		}
	},
	"advancedSetup":
	{
		"mechanicalBalance":
		{
			"aRBFront": 2,
			"aRBRear": 4,
			"wheelRate": [ 4, 4, 4, 4 ],
			"bumpStopRateUp": [ 7, 7, 4, 4 ],
			"bumpStopRateDn": [ 0, 0, 10, 10 ],
			"bumpStopWindow": [ 2, 2, 45, 45 ],
			"brakeTorque": 20,
			"brakeBias": 66
		},
		"dampers":
		{
			"bumpSlow": [ 14, 14, 18, 18 ],
			"bumpFast": [ 20, 20, 24, 24 ],
			"reboundSlow": [ 27, 27, 18, 18 ],
			"reboundFast": [ 26, 26, 25, 25 ]
		},
		"aeroBalance":
		{
			"rideHeight": [ 1, 6, 9, 18 ],
			"rodLength": [ 23.817062377929688, 23.817062377929688, 8.9565572738647461, 8.9565572738647461 ],
			"splitter": 0,
			"rearWing": 5,
			"brakeDuct": [ 3, 2 ]
		},
		"drivetrain":
		{
			"preload": 4
		}
	},
	"trackBopType": 28
}