{
	"carName": "audi_r8_lms_evo",
	"basicSetup":
	{
		"tyres":
		{
			"tyreCompound": 0,
			"tyrePressure": [ 53, 66, 50, 63 ]
		},
		"alignment":
		{
			"camber": [ 0, 0, 0, 0 ],
			"toe": [ 26, 26, 58, 58 ],
			"staticCamber": [ -4.1564779281616211, -4.1495184898376465, -3.3119935989379883, -3.3018374443054199 ],
			"toeOutLinear": [ 0.00044546264689415693, 0.00044542225077748299, 0.00062051811255514622, 0.00062054197769612074 ],
			"casterLF": 14,
			"casterRF": 14,
			"steerRatio": 4
		},
		"electronics":
		{
			"tC1": 3,
			"tC2": 0,
			"abs": 2,
			"eCUMap": 0,
			"fuelMix": 0,
			"telemetryLaps": 15
		},
		"strategy":
		{
			"fuel": 10,
			"nPitStops": 0,
			"tyreSet": 8,
			"frontBrakePadCompound": 0,
			"rearBrakePadCompound": 0,
			"pitStrategy": [
				{
					"fuelToAdd": 0,
					"tyres":
					{
						"tyreCompound": 0,
						"tyrePressure": [ 50, 53, 47, 49 ]
					},
					"tyreSet": 2,
					"frontBrakePadCompound": 1,
					"rearBrakePadCompound": 1
				}
			],
			"fuelPerLap": 2.3880858421325684
		}
	},
	"advancedSetup":
	{
		"mechanicalBalance":
		{
			"aRBFront": 2,
			"aRBRear": 4,
			"wheelRate": [ 3, 3, 4, 4 ],
			"bumpStopRateUp": [ 7, 7, 4, 4 ],
			"bumpStopRateDn": [ 0, 0, 10, 10 ],
			"bumpStopWindow": [ 2, 2, 45, 45 ],
			"brakeTorque": 20,
			"brakeBias": 66
		},
		"dampers":
		{
			"bumpSlow": [ 11, 11, 15, 15 ],
			"bumpFast": [ 20, 20, 14, 14 ],
			"reboundSlow": [ 24, 24, 18, 18 ],
			"reboundFast": [ 26, 26, 15, 15 ]
		},
		"aeroBalance":
		{
			"rideHeight": [ 1, 6, 10, 18 ],
			"rodLength": [ 24.174306869506836, 24.174306869506836, 9.0425605773925781, 9.0425605773925781 ],
			"splitter": 0,
			"rearWing": 5,
			"brakeDuct": [ 3, 2 ]
		},
		"drivetrain":
		{
			"preload": 3
		}
	},
	"trackBopType": 28
}