{
	"carName": "mclaren_720s_gt3",
	"basicSetup":
	{
		"tyres":
		{
			"tyreCompound": 0,
			"tyrePressure": [ 56, 57, 54, 55 ]
		},
		"alignment":
		{
			"camber": [ 12, 12, 15, 15 ],
			"toe": [ 38, 38, 27, 27 ],
			"staticCamber": [ -4.4085087776184082, -4.4079251289367676, -4.3781733512878418, -4.3774251937866211 ],
			"toeOutLinear": [ 0.0016056650783866644, 0.00160578778013587, 0.00056357466382905841, 0.00056355184642598033 ],
			"casterLF": 11,
			"casterRF": 11,
			"steerRatio": 1
		},
		"electronics":
		{
			"tC1": 4,
			"tC2": 6,
			"abs": 4,
			"eCUMap": 0,
			"fuelMix": 0,
			"telemetryLaps": 5
		},
		"strategy":
		{
			"fuel": 58,
			"nPitStops": 0,
			"tyreSet": 0,
			"frontBrakePadCompound": 1,
			"rearBrakePadCompound": 1,
			"pitStrategy": [
				{
					"fuelToAdd": 0,
					"tyres":
					{
						"tyreCompound": 0,
						"tyrePressure": [ 50, 63, 47, 59 ]
					},
					"tyreSet": 2,
					"frontBrakePadCompound": 1,
					"rearBrakePadCompound": 1
				}
			],
			"fuelPerLap": 3.2889022827148438
		}
	},
	"advancedSetup":
	{
		"mechanicalBalance":
		{
			"aRBFront": 7,
			"aRBRear": 4,
			"wheelRate": [ 7, 7, 5, 5 ],
			"bumpStopRateUp": [ 5, 5, 2, 2 ],
			"bumpStopRateDn": [ 0, 0, 10, 10 ],
			"bumpStopWindow": [ 8, 8, 40, 40 ],
			"brakeTorque": 20,
			"brakeBias": 35
		},
		"dampers":
		{
			"bumpSlow": [ 20, 20, 20, 20 ],
			"bumpFast": [ 20, 20, 11, 11 ],
			"reboundSlow": [ 24, 24, 24, 24 ],
			"reboundFast": [ 18, 18, 14, 14 ]
		},
		"aeroBalance":
		{
			"rideHeight": [ 3, 6, 9, 18 ],
			"rodLength": [ 56.134811401367188, 56.134811401367188, 37.443576812744141, 37.443576812744141 ],
			"splitter": 0,
			"rearWing": 7,
			"brakeDuct": [ 3, 2 ]
		},
		"drivetrain":
		{
			"preload": 7
		}
	},
	"trackBopType": 14
}