{
	"carName": "mclaren_720s_gt3",
	"basicSetup":
	{
		"tyres":
		{
			"tyreCompound": 0,
			"tyrePressure": [ 54, 57, 55, 55 ]
		},
		"alignment":
		{
			"camber": [ 10, 10, 13, 13 ],
			"toe": [ 38, 38, 25, 25 ],
			"staticCamber": [ -4.6091632843017578, -4.6073970794677734, -4.6148605346679688, -4.6148176193237305 ],
			"toeOutLinear": [ 0.0016096514882519841, 0.0016100568464025855, 0.00052561721531674266, 0.00052570959087461233 ],
			"casterLF": 11,
			"casterRF": 11,
			"steerRatio": 2
		},
		"electronics":
		{
			"tC1": 3,
			"tC2": 6,
			"abs": 4,
			"eCUMap": 0,
			"fuelMix": 0,
			"telemetryLaps": 2
		},
		"strategy":
		{
			"fuel": 13,
			"nPitStops": 0,
			"tyreSet": 2,
			"frontBrakePadCompound": 0,
			"rearBrakePadCompound": 0,
			"pitStrategy": [
				{
					"fuelToAdd": 0,
					"tyres":
					{
						"tyreCompound": 0,
						"tyrePressure": [ 50, 63, 47, 59 ]
					},
					"tyreSet": 2,
					"frontBrakePadCompound": 1,
					"rearBrakePadCompound": 1
				}
			],
			"fuelPerLap": 3.2161209583282471
		}
	},
	"advancedSetup":
	{
		"mechanicalBalance":
		{
			"aRBFront": 6,
			"aRBRear": 4,
			"wheelRate": [ 7, 7, 5, 5 ],
			"bumpStopRateUp": [ 5, 5, 0, 0 ],
			"bumpStopRateDn": [ 0, 0, 10, 10 ],
			"bumpStopWindow": [ 5, 5, 50, 50 ],
			"brakeTorque": 20,
			"brakeBias": 50
		},
		"dampers":
		{
			"bumpSlow": [ 19, 19, 20, 20 ],
			"bumpFast": [ 31, 31, 23, 23 ],
			"reboundSlow": [ 20, 20, 24, 24 ],
			"reboundFast": [ 18, 18, 26, 26 ]
		},
		"aeroBalance":
		{
			"rideHeight": [ 3, 6, 10, 18 ],
			"rodLength": [ 56.534496307373047, 56.534496307373047, 38.577175140380859, 38.577175140380859 ],
			"splitter": 0,
			"rearWing": 7,
			"brakeDuct": [ 3, 2 ]
		},
		"drivetrain":
		{
			"preload": 6
		}
	},
	"trackBopType": 14
}