{
	"carName": "ferrari_488_gt3_evo",
	"basicSetup":
	{
		"tyres":
		{
			"tyreCompound": 0,
			"tyrePressure": [ 57, 69, 56, 64 ]
		},
		"alignment":
		{
			"camber": [ 2, 2, 2, 2 ],
			"toe": [ 28, 28, 45, 45 ],
			"staticCamber": [ -2.891582727432251, -2.885993480682373, -2.160660982131958, -2.154219388961792 ],
			"toeOutLinear": [ 0.00096576876239851117, 0.00096576334908604622, -0.00052632193546742201, -0.00052620202768594027 ],
			"casterLF": 46,
			"casterRF": 46,
			"steerRatio": 4
		},
		"electronics":
		{
			"tC1": 5,
			"tC2": 5,
			"abs": 5,
			"eCUMap": 0,
			"fuelMix": 0,
			"telemetryLaps": 20
		},
		"strategy":
		{
			"fuel": 11,
			"nPitStops": 0,
			"tyreSet": 0,
			"frontBrakePadCompound": 0,
			"rearBrakePadCompound": 0,
			"pitStrategy": [
				{
					"fuelToAdd": 0,
					"tyres":
					{
						"tyreCompound": 0,
						"tyrePressure": [ 46, 59, 49, 55 ]
					},
					"tyreSet": 2,
					"frontBrakePadCompound": 1,
					"rearBrakePadCompound": 1
				}
			],
			"fuelPerLap": 3.2003326416015625
		}
	},
	"advancedSetup":
	{
		"mechanicalBalance":
		{
			"aRBFront": 40,
			"aRBRear": 37,
			"wheelRate": [ 7, 7, 3, 3 ],
			"bumpStopRateUp": [ 2, 2, 2, 2 ],
			"bumpStopRateDn": [ 0, 0, 10, 10 ],
			"bumpStopWindow": [ 1, 1, 18, 18 ],
			"brakeTorque": 20,
			"brakeBias": 30
		},
		"dampers":
		{
			"bumpSlow": [ 2, 2, 4, 4 ],
			"bumpFast": [ 4, 4, 2, 2 ],
			"reboundSlow": [ 6, 6, 6, 6 ],
			"reboundFast": [ 7, 7, 5, 5 ]
		},
		"aeroBalance":
		{
			"rideHeight": [ 2, 6, 5, 18 ],
			"rodLength": [ -32.295448303222656, -32.295448303222656, -21.102851867675781, -21.102851867675781 ],
			"splitter": 0,
			"rearWing": 6,
			"brakeDuct": [ 4, 4 ]
		},
		"drivetrain":
		{
			"preload": 6
		}
	},
	"trackBopType": 32
}