{
	"carName": "ferrari_488_gt3_evo",
	"basicSetup":
	{
		"tyres":
		{
			"tyreCompound": 0,
			"tyrePressure": [ 57, 67, 55, 63 ]
		},
		"alignment":
		{
			"camber": [ 2, 2, 2, 2 ],
			"toe": [ 0, 0, 0, 0 ],
			"staticCamber": [ -2.9653706550598145, -2.9606781005859375, -2.0701406002044678, -2.0637576580047607 ],
			"toeOutLinear": [ 0.0019458853639662266, 0.0019458826864138246, -0.0015422686701640487, -0.00154216552618891 ],
			"casterLF": 46,
			"casterRF": 46,
			"steerRatio": 5
		},
		"electronics":
		{
			"tC1": 7,
			"tC2": 2,
			"abs": 4,
			"eCUMap": 0,
			"fuelMix": 0,
			"telemetryLaps": 20
		},
		"strategy":
		{
			"fuel": 11,
			"nPitStops": 0,
			"tyreSet": 5,
			"frontBrakePadCompound": 0,
			"rearBrakePadCompound": 0,
			"pitStrategy": [
				{
					"fuelToAdd": 0,
					"tyres":
					{
						"tyreCompound": 0,
						"tyrePressure": [ 46, 59, 49, 55 ]
					},
					"tyreSet": 2,
					"frontBrakePadCompound": 1,
					"rearBrakePadCompound": 1
				}
			],
			"fuelPerLap": 3.1727595329284668
		}
	},
	"advancedSetup":
	{
		"mechanicalBalance":
		{
			"aRBFront": 38,
			"aRBRear": 37,
			"wheelRate": [ 7, 7, 3, 3 ],
			"bumpStopRateUp": [ 2, 2, 2, 2 ],
			"bumpStopRateDn": [ 0, 0, 10, 10 ],
			"bumpStopWindow": [ 1, 1, 18, 18 ],
			"brakeTorque": 20,
			"brakeBias": 30
		},
		"dampers":
		{
			"bumpSlow": [ 2, 2, 4, 4 ],
			"bumpFast": [ 4, 4, 2, 2 ],
			"reboundSlow": [ 6, 6, 6, 6 ],
			"reboundFast": [ 7, 7, 5, 5 ]
		},
		"aeroBalance":
		{
			"rideHeight": [ 2, 6, 5, 18 ],
			"rodLength": [ -32.29058837890625, -32.29058837890625, -22.346248626708984, -22.346248626708984 ],
			"splitter": 0,
			"rearWing": 6,
			"brakeDuct": [ 4, 4 ]
		},
		"drivetrain":
		{
			"preload": 18
		}
	},
	"trackBopType": 32
}