{
	"carName": "ferrari_488_gt3_evo",
	"basicSetup":
	{
		"tyres":
		{
			"tyreCompound": 0,
			"tyrePressure": [ 53, 66, 53, 61 ]
		},
		"alignment":
		{
			"camber": [ 2, 2, 2, 2 ],
			"toe": [ 33, 33, 45, 45 ],
			"staticCamber": [ -2.8798599243164063, -2.8730776309967041, -2.1613595485687256, -2.1553235054016113 ],
			"toeOutLinear": [ 0.00079047534381970763, 0.00079047685721889138, -0.00052592658903449774, -0.00052603462245315313 ],
			"casterLF": 46,
			"casterRF": 46,
			"steerRatio": 4
		},
		"electronics":
		{
			"tC1": 5,
			"tC2": 5,
			"abs": 5,
			"eCUMap": 0,
			"fuelMix": 0,
			"telemetryLaps": 20
		},
		"strategy":
		{
			"fuel": 11,
			"nPitStops": 0,
			"tyreSet": 2,
			"frontBrakePadCompound": 0,
			"rearBrakePadCompound": 0,
			"pitStrategy": [
				{
					"fuelToAdd": 0,
					"tyres":
					{
						"tyreCompound": 0,
						"tyrePressure": [ 46, 59, 49, 55 ]
					},
					"tyreSet": 2,
					"frontBrakePadCompound": 1,
					"rearBrakePadCompound": 1
				}
			],
			"fuelPerLap": 3.1912617683410645
		}
	},
	"advancedSetup":
	{
		"mechanicalBalance":
		{
			"aRBFront": 27,
			"aRBRear": 33,
			"wheelRate": [ 7, 7, 3, 3 ],
			"bumpStopRateUp": [ 7, 7, 2, 2 ],
			"bumpStopRateDn": [ 0, 0, 10, 10 ],
			"bumpStopWindow": [ 1, 1, 18, 18 ],
			"brakeTorque": 20,
			"brakeBias": 40
		},
		"dampers":
		{
			"bumpSlow": [ 2, 2, 4, 4 ],
			"bumpFast": [ 4, 4, 2, 2 ],
			"reboundSlow": [ 2, 2, 6, 6 ],
			"reboundFast": [ 7, 7, 5, 5 ]
		},
		"aeroBalance":
		{
			"rideHeight": [ 2, 6, 5, 18 ],
			"rodLength": [ -32.258258819580078, -32.258258819580078, -21.073211669921875, -21.073211669921875 ],
			"splitter": 0,
			"rearWing": 6,
			"brakeDuct": [ 4, 4 ]
		},
		"drivetrain":
		{
			"preload": 6
		}
	},
	"trackBopType": 32
}