{
	"carName": "mclaren_720s_gt3",
	"basicSetup":
	{
		"tyres":
		{
			"tyreCompound": 0,
			"tyrePressure": [ 48, 61, 49, 60 ]
		},
		"alignment":
		{
			"camber": [ 10, 8, 13, 13 ],
			"toe": [ 38, 38, 25, 25 ],
			"staticCamber": [ -4.6023650169372559, -4.8171777725219727, -4.6296377182006836, -4.6323575973510742 ],
			"toeOutLinear": [ 0.0015573031269013882, 0.001557412906549871, 0.00052908807992935181, 0.00052860146388411522 ],
			"casterLF": 11,
			"casterRF": 11,
			"steerRatio": 2
		},
		"electronics":
		{
			"tC1": 3,
			"tC2": 6,
			"abs": 4,
			"eCUMap": 0,
			"fuelMix": 0,
			"telemetryLaps": 15
		},
		"strategy":
		{
			"fuel": 18,
			"nPitStops": 0,
			"tyreSet": 1,
			"frontBrakePadCompound": 0,
			"rearBrakePadCompound": 0,
			"pitStrategy": [
				{
					"fuelToAdd": 0,
					"tyres":
					{
						"tyreCompound": 0,
						"tyrePressure": [ 50, 63, 47, 59 ]
					},
					"tyreSet": 2,
					"frontBrakePadCompound": 1,
					"rearBrakePadCompound": 1
				}
			],
			"fuelPerLap": 3.6270434856414795
		}
	},
	"advancedSetup":
	{
		"mechanicalBalance":
		{
			"aRBFront": 4,
			"aRBRear": 8,
			"wheelRate": [ 5, 5, 5, 5 ],
			"bumpStopRateUp": [ 7, 7, 2, 2 ],
			"bumpStopRateDn": [ 0, 0, 10, 10 ],
			"bumpStopWindow": [ 1, 1, 50, 50 ],
			"brakeTorque": 20,
			"brakeBias": 52
		},
		"dampers":
		{
			"bumpSlow": [ 21, 21, 20, 20 ],
			"bumpFast": [ 31, 31, 23, 23 ],
			"reboundSlow": [ 16, 16, 28, 28 ],
			"reboundFast": [ 18, 18, 23, 23 ]
		},
		"aeroBalance":
		{
			"rideHeight": [ 0, 6, 10, 18 ],
			"rodLength": [ 55.587196350097656, 55.587196350097656, 39.139858245849609, 39.139858245849609 ],
			"splitter": 0,
			"rearWing": 7,
			"brakeDuct": [ 4, 3 ]
		},
		"drivetrain":
		{
			"preload": 5
		}
	}
}