{
	"carName": "mclaren_720s_gt3",
	"basicSetup":
	{
		"tyres":
		{
			"tyreCompound": 0,
			"tyrePressure": [ 54, 66, 50, 61 ]
		},
		"alignment":
		{
			"camber": [ 10, 10, 15, 15 ],
			"toe": [ 38, 38, 25, 25 ],
			"staticCamber": [ -4.6073040962219238, -4.6016030311584473, -4.4090518951416016, -4.401308536529541 ],
			"toeOutLinear": [ 0.0015395660884678364, 0.0015393628273159266, 0.00052375177619978786, 0.00052368722390383482 ],
			"casterLF": 11,
			"casterRF": 11,
			"steerRatio": 2
		},
		"electronics":
		{
			"tC1": 1,
			"tC2": 6,
			"abs": 3,
			"eCUMap": 0,
			"fuelMix": 0,
			"telemetryLaps": 3
		},
		"strategy":
		{
			"fuel": 12,
			"nPitStops": 0,
			"tyreSet": 3,
			"frontBrakePadCompound": 0,
			"rearBrakePadCompound": 0,
			"pitStrategy": [
				{
					"fuelToAdd": 0,
					"tyres":
					{
						"tyreCompound": 0,
						"tyrePressure": [ 50, 63, 47, 59 ]
					},
					"tyreSet": 2,
					"frontBrakePadCompound": 1,
					"rearBrakePadCompound": 1
				}
			],
			"fuelPerLap": 3.2647354602813721
		}
	},
	"advancedSetup":
	{
		"mechanicalBalance":
		{
			"aRBFront": 4,
			"aRBRear": 8,
			"wheelRate": [ 5, 5, 5, 5 ],
			"bumpStopRateUp": [ 7, 7, 2, 2 ],
			"bumpStopRateDn": [ 0, 0, 10, 10 ],
			"bumpStopWindow": [ 1, 1, 50, 50 ],
			"brakeTorque": 20,
			"brakeBias": 48
		},
		"dampers":
		{
			"bumpSlow": [ 21, 21, 20, 20 ],
			"bumpFast": [ 31, 31, 23, 23 ],
			"reboundSlow": [ 16, 16, 28, 28 ],
			"reboundFast": [ 18, 18, 23, 23 ]
		},
		"aeroBalance":
		{
			"rideHeight": [ 0, 6, 10, 18 ],
			"rodLength": [ 54.389080047607422, 54.389080047607422, 37.347728729248047, 37.347728729248047 ],
			"splitter": 0,
			"rearWing": 7,
			"brakeDuct": [ 4, 2 ]
		},
		"drivetrain":
		{
			"preload": 5
		}
	},
	"trackBopType": 23
}