{
	"carName": "ferrari_488_gt3_evo",
	"basicSetup":
	{
		"tyres":
		{
			"tyreCompound": 0,
			"tyrePressure": [ 54, 61, 54, 61 ]
		},
		"alignment":
		{
			"camber": [ 0, 0, 0, 0 ],
			"toe": [ 0, 0, 0, 0 ],
			"staticCamber": [ -3.1302130222320557, -3.1263546943664551, -2.4473247528076172, -2.4418933391571045 ],
			"toeOutLinear": [ 0.0019947481341660023, 0.0019947744440287352, -0.001488283509388566, -0.0014882188988849521 ],
			"casterLF": 48,
			"casterRF": 48,
			"steerRatio": 4
		},
		"electronics":
		{
			"tC1": 6,
			"tC2": 1,
			"abs": 4,
			"eCUMap": 0,
			"fuelMix": 0,
			"telemetryLaps": 11
		},
		"strategy":
		{
			"fuel": 14,
			"nPitStops": 0,
			"tyreSet": 6,
			"frontBrakePadCompound": 0,
			"rearBrakePadCompound": 0,
			"pitStrategy": [
				{
					"fuelToAdd": 0,
					"tyres":
					{
						"tyreCompound": 0,
						"tyrePressure": [ 52, 57, 53, 55 ]
					},
					"tyreSet": 2,
					"frontBrakePadCompound": 1,
					"rearBrakePadCompound": 1
				}
			],
			"fuelPerLap": 2.5685086250305176
		}
	},
	"advancedSetup":
	{
		"mechanicalBalance":
		{
			"aRBFront": 30,
			"aRBRear": 15,
			"wheelRate": [ 6, 6, 6, 6 ],
			"bumpStopRateUp": [ 3, 3, 22, 22 ],
			"bumpStopRateDn": [ 0, 0, 10, 10 ],
			"bumpStopWindow": [ 3, 3, 10, 10 ],
			"brakeTorque": 20,
			"brakeBias": 27
		},
		"dampers":
		{
			"bumpSlow": [ 7, 7, 5, 5 ],
			"bumpFast": [ 9, 9, 10, 10 ],
			"reboundSlow": [ 9, 9, 10, 10 ],
			"reboundFast": [ 10, 10, 4, 4 ]
		},
		"aeroBalance":
		{
			"rideHeight": [ 0, 6, 11, 18 ],
			"rodLength": [ -33.768688201904297, -33.768688201904297, -19.890996932983398, -19.890996932983398 ],
			"splitter": 0,
			"rearWing": 14,
			"brakeDuct": [ 4, 4 ]
		},
		"drivetrain":
		{
			"preload": 28
		}
	},
	"trackBopType": 46
}