{
	"carName": "audi_r8_lms_evo",
	"basicSetup":
	{
		"tyres":
		{
			"tyreCompound": 0,
			"tyrePressure": [ 56, 65, 53, 61 ]
		},
		"alignment":
		{
			"camber": [ 0, 0, 0, 0 ],
			"toe": [ 28, 28, 57, 57 ],
			"staticCamber": [ -4.1602215766906738, -4.1555995941162109, -3.2321522235870361, -3.2249677181243896 ],
			"toeOutLinear": [ 0.00041422504000365734, 0.00041423534275963902, 0.00060040049720555544, 0.00060041929828003049 ],
			"casterLF": 14,
			"casterRF": 14,
			"steerRatio": 4
		},
		"electronics":
		{
			"tC1": 3,
			"tC2": 0,
			"abs": 2,
			"eCUMap": 0,
			"fuelMix": 0,
			"telemetryLaps": 15
		},
		"strategy":
		{
			"fuel": 58,
			"nPitStops": 0,
			"tyreSet": 9,
			"frontBrakePadCompound": 1,
			"rearBrakePadCompound": 1,
			"pitStrategy": [
				{
					"fuelToAdd": 0,
					"tyres":
					{
						"tyreCompound": 0,
						"tyrePressure": [ 50, 53, 47, 49 ]
					},
					"tyreSet": 2,
					"frontBrakePadCompound": 1,
					"rearBrakePadCompound": 1
				}
			],
			"fuelPerLap": 3.3018701076507568
		}
	},
	"advancedSetup":
	{
		"mechanicalBalance":
		{
			"aRBFront": 3,
			"aRBRear": 3,
			"wheelRate": [ 3, 3, 3, 3 ],
			"bumpStopRateUp": [ 7, 7, 4, 4 ],
			"bumpStopRateDn": [ 0, 0, 10, 10 ],
			"bumpStopWindow": [ 1, 1, 45, 45 ],
			"brakeTorque": 20,
			"brakeBias": 67
		},
		"dampers":
		{
			"bumpSlow": [ 20, 20, 14, 14 ],
			"bumpFast": [ 20, 20, 14, 14 ],
			"reboundSlow": [ 24, 24, 40, 40 ],
			"reboundFast": [ 30, 30, 17, 17 ]
		},
		"aeroBalance":
		{
			"rideHeight": [ 2, 6, 6, 18 ],
			"rodLength": [ 25.400915145874023, 25.400915145874023, 6.6875619888305664, 6.6875619888305664 ],
			"splitter": 0,
			"rearWing": 4,
			"brakeDuct": [ 2, 1 ]
		},
		"drivetrain":
		{
			"preload": 8
		}
	},
	"trackBopType": 26
}