{
	"carName": "mclaren_720s_gt3",
	"basicSetup":
	{
		"tyres":
		{
			"tyreCompound": 0,
			"tyrePressure": [ 52, 60, 53, 60 ]
		},
		"alignment":
		{
			"camber": [ 0, 0, 0, 0 ],
			"toe": [ 38, 38, 25, 25 ],
			"staticCamber": [ -4.6092672348022461, -4.6043496131896973, -4.5595393180847168, -4.5544781684875488 ],
			"toeOutLinear": [ 0.0015701240627095103, 0.0015702459495514631, 0.00055288500152528286, 0.00055285729467868805 ],
			"casterLF": 11,
			"casterRF": 11,
			"steerRatio": 1
		},
		"electronics":
		{
			"tC1": 3,
			"tC2": 6,
			"abs": 4,
			"eCUMap": 0,
			"fuelMix": 0,
			"telemetryLaps": 99
		},
		"strategy":
		{
			"fuel": 83,
			"nPitStops": 0,
			"tyreSet": 3,
			"frontBrakePadCompound": 1,
			"rearBrakePadCompound": 1,
			"pitStrategy": [
				{
					"fuelToAdd": 75,
					"tyres":
					{
						"tyreCompound": 0,
						"tyrePressure": [ 52, 60, 50, 57 ]
					},
					"tyreSet": 20,
					"frontBrakePadCompound": 1,
					"rearBrakePadCompound": 1
				}
			],
			"fuelPerLap": 2.5672836303710938
		}
	},
	"advancedSetup":
	{
		"mechanicalBalance":
		{
			"aRBFront": 4,
			"aRBRear": 6,
			"wheelRate": [ 4, 4, 3, 3 ],
			"bumpStopRateUp": [ 4, 4, 0, 0 ],
			"bumpStopRateDn": [ 0, 0, 10, 10 ],
			"bumpStopWindow": [ 2, 2, 50, 50 ],
			"brakeTorque": 20,
			"brakeBias": 52
		},
		"dampers":
		{
			"bumpSlow": [ 26, 26, 20, 20 ],
			"bumpFast": [ 24, 24, 23, 23 ],
			"reboundSlow": [ 17, 19, 26, 26 ],
			"reboundFast": [ 22, 22, 23, 23 ]
		},
		"aeroBalance":
		{
			"rideHeight": [ 1, 6, 14, 18 ],
			"rodLength": [ 57.880916595458984, 57.880916595458984, 46.3746337890625, 46.3746337890625 ],
			"splitter": 0,
			"rearWing": 7,
			"brakeDuct": [ 4, 5 ]
		},
		"drivetrain":
		{
			"preload": 6
		}
	},
	"trackBopType": 28
}