{
	"carName": "ferrari_488_gt3_evo",
	"basicSetup":
	{
		"tyres":
		{
			"tyreCompound": 1,
			"tyrePressure": [ 64, 64, 64, 64 ]
		},
		"alignment":
		{
			"camber": [ 6, 6, 9, 7 ],
			"toe": [ 32, 32, 50, 50 ],
			"staticCamber": [ -2.6306593418121338, -2.6305642127990723, -1.4516206979751587, -1.6570106744766235 ],
			"toeOutLinear": [ 0.00087819283362478018, 0.00087818835163488984, -0.00041634272201918066, -0.0004161687393207103 ],
			"casterLF": 46,
			"casterRF": 46,
			"steerRatio": 5
		},
		"electronics":
		{
			"tC1": 5,
			"tC2": 5,
			"abs": 5,
			"eCUMap": 0,
			"fuelMix": 0,
			"telemetryLaps": 7
		},
		"strategy":
		{
			"fuel": 108,
			"nPitStops": 0,
			"tyreSet": 0,
			"frontBrakePadCompound": 1,
			"rearBrakePadCompound": 1,
			"pitStrategy": [
				{
					"fuelToAdd": 0,
					"tyres":
					{
						"tyreCompound": 0,
						"tyrePressure": [ 51, 67, 51, 63 ]
					},
					"tyreSet": 2,
					"frontBrakePadCompound": 1,
					"rearBrakePadCompound": 1
				}
			],
			"fuelPerLap": 2.9799423217773438
		}
	},
	"advancedSetup":
	{
		"mechanicalBalance":
		{
			"aRBFront": 36,
			"aRBRear": 7,
			"wheelRate": [ 9, 9, 2, 2 ],
			"bumpStopRateUp": [ 7, 7, 2, 2 ],
			"bumpStopRateDn": [ 0, 0, 10, 10 ],
			"bumpStopWindow": [ 4, 4, 30, 30 ],
			"brakeTorque": 20,
			"brakeBias": 18
		},
		"dampers":
		{
			"bumpSlow": [ 6, 6, 1, 1 ],
			"bumpFast": [ 4, 4, 4, 4 ],
			"reboundSlow": [ 6, 6, 7, 7 ],
			"reboundFast": [ 6, 6, 8, 8 ]
		},
		"aeroBalance":
		{
			"rideHeight": [ 7, 6, 4, 18 ],
			"rodLength": [ -29.103652954101563, -29.103652954101563, -19.733844757080078, -19.733844757080078 ],
			"splitter": 0,
			"rearWing": 12,
			"brakeDuct": [ 2, 2 ]
		},
		"drivetrain":
		{
			"preload": 6
		}
	},
	"trackBopType": 27
}