{
	"carName": "ferrari_488_gt3_evo",
	"basicSetup":
	{
		"tyres":
		{
			"tyreCompound": 0,
			"tyrePressure": [ 65, 60, 63, 58 ]
		},
		"alignment":
		{
			"camber": [ 2, 2, 1, 1 ],
			"toe": [ 0, 0, 0, 0 ],
			"staticCamber": [ -2.9736087322235107, -2.9758994579315186, -2.1660678386688232, -2.170358419418335 ],
			"toeOutLinear": [ 0.0019881990738213062, 0.0019881941843777895, -0.0015417783288285136, -0.0015418676193803549 ],
			"casterLF": 46,
			"casterRF": 46,
			"steerRatio": 5
		},
		"electronics":
		{
			"tC1": 7,
			"tC2": 2,
			"abs": 4,
			"eCUMap": 0,
			"fuelMix": 0,
			"telemetryLaps": 20
		},
		"strategy":
		{
			"fuel": 11,
			"nPitStops": 0,
			"tyreSet": 5,
			"frontBrakePadCompound": 0,
			"rearBrakePadCompound": 0,
			"pitStrategy": [
				{
					"fuelToAdd": 0,
					"tyres":
					{
						"tyreCompound": 0,
						"tyrePressure": [ 46, 59, 49, 55 ]
					},
					"tyreSet": 2,
					"frontBrakePadCompound": 1,
					"rearBrakePadCompound": 1
				}
			],
			"fuelPerLap": 2.9255027770996094
		}
	},
	"advancedSetup":
	{
		"mechanicalBalance":
		{
			"aRBFront": 35,
			"aRBRear": 20,
			"wheelRate": [ 7, 7, 5, 5 ],
			"bumpStopRateUp": [ 5, 5, 4, 4 ],
			"bumpStopRateDn": [ 0, 0, 10, 10 ],
			"bumpStopWindow": [ 4, 4, 25, 25 ],
			"brakeTorque": 20,
			"brakeBias": 35
		},
		"dampers":
		{
			"bumpSlow": [ 2, 2, 2, 2 ],
			"bumpFast": [ 4, 4, 2, 2 ],
			"reboundSlow": [ 6, 6, 6, 6 ],
			"reboundFast": [ 7, 7, 5, 5 ]
		},
		"aeroBalance":
		{
			"rideHeight": [ 2, 6, 5, 18 ],
			"rodLength": [ -32.048938751220703, -32.048938751220703, -22.94696044921875, -22.94696044921875 ],
			"splitter": 0,
			"rearWing": 7,
			"brakeDuct": [ 4, 4 ]
		},
		"drivetrain":
		{
			"preload": 13
		}
	},
	"trackBopType": 27
}