{
	"carName": "ferrari_488_gt3_evo",
	"basicSetup":
	{
		"tyres":
		{
			"tyreCompound": 1,
			"tyrePressure": [ 67, 67, 67, 67 ]
		},
		"alignment":
		{
			"camber": [ 8, 8, 9, 9 ],
			"toe": [ 30, 30, 41, 41 ],
			"staticCamber": [ -2.2746167182922363, -2.2741756439208984, -1.4042661190032959, -1.4048522710800171 ],
			"toeOutLinear": [ 0.00099366658832877874, 0.00099345529451966286, -0.00062760949367657304, -0.00062743132002651691 ],
			"casterLF": 46,
			"casterRF": 46,
			"steerRatio": 4
		},
		"electronics":
		{
			"tC1": 6,
			"tC2": 6,
			"abs": 6,
			"eCUMap": 0,
			"fuelMix": 0,
			"telemetryLaps": 7
		},
		"strategy":
		{
			"fuel": 58,
			"nPitStops": 0,
			"tyreSet": 0,
			"frontBrakePadCompound": 1,
			"rearBrakePadCompound": 1,
			"pitStrategy": [
				{
					"fuelToAdd": 0,
					"tyres":
					{
						"tyreCompound": 0,
						"tyrePressure": [ 51, 67, 51, 63 ]
					},
					"tyreSet": 2,
					"frontBrakePadCompound": 1,
					"rearBrakePadCompound": 1
				}
			],
			"fuelPerLap": 2.4900000095367432
		}
	},
	"advancedSetup":
	{
		"mechanicalBalance":
		{
			"aRBFront": 32,
			"aRBRear": 6,
			"wheelRate": [ 7, 7, 2, 2 ],
			"bumpStopRateUp": [ 4, 4, 2, 2 ],
			"bumpStopRateDn": [ 0, 0, 10, 10 ],
			"bumpStopWindow": [ 0, 0, 50, 50 ],
			"brakeTorque": 20,
			"brakeBias": 15
		},
		"dampers":
		{
			"bumpSlow": [ 0, 0, 0, 0 ],
			"bumpFast": [ 1, 1, 1, 1 ],
			"reboundSlow": [ 1, 1, 8, 8 ],
			"reboundFast": [ 2, 2, 3, 3 ]
		},
		"aeroBalance":
		{
			"rideHeight": [ 1, 6, 4, 18 ],
			"rodLength": [ -34.484798431396484, -34.484798431396484, -22.063625335693359, -22.063625335693359 ],
			"splitter": 0,
			"rearWing": 13,
			"brakeDuct": [ 3, 2 ]
		},
		"drivetrain":
		{
			"preload": 6
		}
	},
	"trackBopType": 28
}