{
	"carName": "ferrari_488_gt3_evo",
	"basicSetup":
	{
		"tyres":
		{
			"tyreCompound": 1,
			"tyrePressure": [ 62, 62, 62, 62 ]
		},
		"alignment":
		{
			"camber": [ 5, 5, 6, 6 ],
			"toe": [ 30, 30, 40, 40 ],
			"staticCamber": [ -2.6168489456176758, -2.6166229248046875, -1.7550176382064819, -1.7551054954528809 ],
			"toeOutLinear": [ 0.00098252040334045887, 0.00098237080965191126, -0.00063661817694082856, -0.00063624331960454583 ],
			"casterLF": 46,
			"casterRF": 46,
			"steerRatio": 4
		},
		"electronics":
		{
			"tC1": 5,
			"tC2": 5,
			"abs": 5,
			"eCUMap": 0,
			"fuelMix": 0,
			"telemetryLaps": 7
		},
		"strategy":
		{
			"fuel": 58,
			"nPitStops": 0,
			"tyreSet": 0,
			"frontBrakePadCompound": 1,
			"rearBrakePadCompound": 1,
			"pitStrategy": [
				{
					"fuelToAdd": 0,
					"tyres":
					{
						"tyreCompound": 0,
						"tyrePressure": [ 51, 67, 51, 63 ]
					},
					"tyreSet": 2,
					"frontBrakePadCompound": 1,
					"rearBrakePadCompound": 1
				}
			],
			"fuelPerLap": 2.4990787506103516
		}
	},
	"advancedSetup":
	{
		"mechanicalBalance":
		{
			"aRBFront": 33,
			"aRBRear": 7,
			"wheelRate": [ 7, 7, 2, 2 ],
			"bumpStopRateUp": [ 4, 4, 2, 2 ],
			"bumpStopRateDn": [ 0, 0, 10, 10 ],
			"bumpStopWindow": [ 2, 2, 50, 50 ],
			"brakeTorque": 20,
			"brakeBias": 15
		},
		"dampers":
		{
			"bumpSlow": [ 0, 0, 0, 0 ],
			"bumpFast": [ 1, 1, 1, 1 ],
			"reboundSlow": [ 1, 1, 8, 8 ],
			"reboundFast": [ 2, 2, 3, 3 ]
		},
		"aeroBalance":
		{
			"rideHeight": [ 2, 6, 5, 18 ],
			"rodLength": [ -32.653606414794922, -32.653606414794922, -18.849164962768555, -18.849164962768555 ],
			"splitter": 0,
			"rearWing": 13,
			"brakeDuct": [ 3, 2 ]
		},
		"drivetrain":
		{
			"preload": 5
		}
	},
	"trackBopType": 28
}