{
	"carName": "ferrari_488_gt3_evo",
	"basicSetup":
	{
		"tyres":
		{
			"tyreCompound": 0,
			"tyrePressure": [ 53, 64, 50, 62 ]
		},
		"alignment":
		{
			"camber": [ 1, 1, 1, 1 ],
			"toe": [ 35, 35, 44, 44 ],
			"staticCamber": [ -3.0643887519836426, -3.0585527420043945, -2.2317512035369873, -2.2228090763092041 ],
			"toeOutLinear": [ 0.00077916652662679553, 0.00077916804002597928, -0.0005561371217481792, -0.00055598100880160928 ],
			"casterLF": 49,
			"casterRF": 49,
			"steerRatio": 4
		},
		"electronics":
		{
			"tC1": 6,
			"tC2": 4,
			"abs": 5,
			"eCUMap": 0,
			"fuelMix": 0,
			"telemetryLaps": 99
		},
		"strategy":
		{
			"fuel": 14,
			"nPitStops": 0,
			"tyreSet": 1,
			"frontBrakePadCompound": 0,
			"rearBrakePadCompound": 0,
			"pitStrategy": [
				{
					"fuelToAdd": 0,
					"tyres":
					{
						"tyreCompound": 0,
						"tyrePressure": [ 57, 64, 50, 58 ]
					},
					"tyreSet": 49,
					"frontBrakePadCompound": 0,
					"rearBrakePadCompound": 0
				}
			],
			"fuelPerLap": 2.5953335762023926
		}
	},
	"advancedSetup":
	{
		"mechanicalBalance":
		{
			"aRBFront": 6,
			"aRBRear": 2,
			"wheelRate": [ 5, 5, 2, 2 ],
			"bumpStopRateUp": [ 4, 4, 1, 1 ],
			"bumpStopRateDn": [ 0, 0, 10, 10 ],
			"bumpStopWindow": [ 4, 4, 50, 50 ],
			"brakeTorque": 20,
			"brakeBias": 26
		},
		"dampers":
		{
			"bumpSlow": [ 8, 8, 9, 8 ],
			"bumpFast": [ 2, 2, 2, 2 ],
			"reboundSlow": [ 9, 9, 9, 9 ],
			"reboundFast": [ 4, 4, 4, 4 ]
		},
		"aeroBalance":
		{
			"rideHeight": [ 5, 6, 4, 18 ],
			"rodLength": [ -26.312898635864258, -26.312898635864258, -20.918447494506836, -20.918447494506836 ],
			"splitter": 0,
			"rearWing": 12,
			"brakeDuct": [ 4, 4 ]
		},
		"drivetrain":
		{
			"preload": 9
		}
	},
	"trackBopType": 37
}