{
	"carName": "ferrari_488_gt3_evo",
	"basicSetup":
	{
		"tyres":
		{
			"tyreCompound": 0,
			"tyrePressure": [ 64, 74, 58, 67 ]
		},
		"alignment":
		{
			"camber": [ 0, 0, 0, 0 ],
			"toe": [ 35, 35, 44, 44 ],
			"staticCamber": [ -3.2233831882476807, -3.2180066108703613, -2.4948387145996094, -2.486943244934082 ],
			"toeOutLinear": [ 0.00078557507367804646, 0.00078544701682403684, -0.00050945655675604939, -0.00050966063281521201 ],
			"casterLF": 45,
			"casterRF": 45,
			"steerRatio": 4
		},
		"electronics":
		{
			"tC1": 6,
			"tC2": 3,
			"abs": 3,
			"eCUMap": 0,
			"fuelMix": 0,
			"telemetryLaps": 99
		},
		"strategy":
		{
			"fuel": 105,
			"nPitStops": 0,
			"tyreSet": 1,
			"frontBrakePadCompound": 0,
			"rearBrakePadCompound": 0,
			"pitStrategy": [
				{
					"fuelToAdd": 1,
					"tyres":
					{
						"tyreCompound": 0,
						"tyrePressure": [ 64, 74, 58, 67 ]
					},
					"tyreSet": 49,
					"frontBrakePadCompound": 0,
					"rearBrakePadCompound": 0
				}
			],
			"fuelPerLap": 2.5810585021972656
		}
	},
	"advancedSetup":
	{
		"mechanicalBalance":
		{
			"aRBFront": 3,
			"aRBRear": 8,
			"wheelRate": [ 5, 5, 3, 3 ],
			"bumpStopRateUp": [ 6, 6, 2, 2 ],
			"bumpStopRateDn": [ 0, 0, 10, 10 ],
			"bumpStopWindow": [ 0, 0, 50, 50 ],
			"brakeTorque": 20,
			"brakeBias": 27
		},
		"dampers":
		{
			"bumpSlow": [ 4, 4, 4, 4 ],
			"bumpFast": [ 4, 4, 4, 4 ],
			"reboundSlow": [ 7, 7, 7, 7 ],
			"reboundFast": [ 3, 3, 3, 3 ]
		},
		"aeroBalance":
		{
			"rideHeight": [ 7, 6, 9, 18 ],
			"rodLength": [ -23.422550201416016, -23.422550201416016, -14.26976203918457, -14.26976203918457 ],
			"splitter": 0,
			"rearWing": 10,
			"brakeDuct": [ 3, 2 ]
		},
		"drivetrain":
		{
			"preload": 8
		}
	},
	"trackBopType": 28
}