{
	"carName": "audi_r8_lms_evo",
	"basicSetup":
	{
		"tyres":
		{
			"tyreCompound": 0,
			"tyrePressure": [ 61, 60, 62, 61 ]
		},
		"alignment":
		{
			"camber": [ 10, 10, 13, 13 ],
			"toe": [ 29, 29, 55, 55 ],
			"staticCamber": [ -4.1454362869262695, -4.145510196685791, -3.535416841506958, -3.5362284183502197 ],
			"toeOutLinear": [ 0.00037836201954632998, 0.00037839074502699077, 0.00051787419943138957, 0.00051787280244752765 ],
			"casterLF": 14,
			"casterRF": 14,
			"steerRatio": 4
		},
		"electronics":
		{
			"tC1": 1,
			"tC2": 0,
			"abs": 2,
			"eCUMap": 0,
			"fuelMix": 0,
			"telemetryLaps": 15
		},
		"strategy":
		{
			"fuel": 11,
			"nPitStops": 0,
			"tyreSet": 14,
			"frontBrakePadCompound": 0,
			"rearBrakePadCompound": 0,
			"pitStrategy": [
				{
					"fuelToAdd": 0,
					"tyres":
					{
						"tyreCompound": 0,
						"tyrePressure": [ 50, 53, 47, 49 ]
					},
					"tyreSet": 2,
					"frontBrakePadCompound": 1,
					"rearBrakePadCompound": 1
				}
			],
			"fuelPerLap": 2.9955992698669434
		}
	},
	"advancedSetup":
	{
		"mechanicalBalance":
		{
			"aRBFront": 3,
			"aRBRear": 2,
			"wheelRate": [ 4, 4, 2, 2 ],
			"bumpStopRateUp": [ 6, 6, 4, 4 ],
			"bumpStopRateDn": [ 0, 0, 10, 10 ],
			"bumpStopWindow": [ 2, 2, 45, 45 ],
			"brakeTorque": 20,
			"brakeBias": 48
		},
		"dampers":
		{
			"bumpSlow": [ 12, 12, 20, 20 ],
			"bumpFast": [ 21, 21, 15, 15 ],
			"reboundSlow": [ 18, 18, 25, 25 ],
			"reboundFast": [ 31, 31, 20, 20 ]
		},
		"aeroBalance":
		{
			"rideHeight": [ 1, 6, 11, 18 ],
			"rodLength": [ 22.771074295043945, 22.771074295043945, 11.162915229797363, 11.162915229797363 ],
			"splitter": 0,
			"rearWing": 5,
			"brakeDuct": [ 3, 2 ]
		},
		"drivetrain":
		{
			"preload": 6
		}
	},
	"trackBopType": 16
}