{
	"carName": "audi_r8_lms_evo",
	"basicSetup":
	{
		"tyres":
		{
			"tyreCompound": 0,
			"tyrePressure": [ 61, 60, 62, 61 ]
		},
		"alignment":
		{
			"camber": [ 10, 10, 13, 13 ],
			"toe": [ 32, 32, 55, 55 ],
			"staticCamber": [ -4.1396222114562988, -4.1400837898254395, -3.5188572406768799, -3.5197501182556152 ],
			"toeOutLinear": [ 0.00031371117802336812, 0.00031361810397356749, 0.00052075862186029553, 0.00052075996063649654 ],
			"casterLF": 14,
			"casterRF": 14,
			"steerRatio": 4
		},
		"electronics":
		{
			"tC1": 2,
			"tC2": 0,
			"abs": 2,
			"eCUMap": 0,
			"fuelMix": 0,
			"telemetryLaps": 15
		},
		"strategy":
		{
			"fuel": 58,
			"nPitStops": 0,
			"tyreSet": 18,
			"frontBrakePadCompound": 1,
			"rearBrakePadCompound": 1,
			"pitStrategy": [
				{
					"fuelToAdd": 0,
					"tyres":
					{
						"tyreCompound": 0,
						"tyrePressure": [ 50, 53, 47, 49 ]
					},
					"tyreSet": 2,
					"frontBrakePadCompound": 1,
					"rearBrakePadCompound": 1
				}
			],
			"fuelPerLap": 2.9955992698669434
		}
	},
	"advancedSetup":
	{
		"mechanicalBalance":
		{
			"aRBFront": 3,
			"aRBRear": 2,
			"wheelRate": [ 4, 4, 2, 2 ],
			"bumpStopRateUp": [ 6, 6, 4, 4 ],
			"bumpStopRateDn": [ 0, 0, 10, 10 ],
			"bumpStopWindow": [ 2, 2, 45, 45 ],
			"brakeTorque": 20,
			"brakeBias": 49
		},
		"dampers":
		{
			"bumpSlow": [ 12, 12, 20, 20 ],
			"bumpFast": [ 21, 21, 15, 15 ],
			"reboundSlow": [ 18, 18, 25, 25 ],
			"reboundFast": [ 31, 31, 20, 20 ]
		},
		"aeroBalance":
		{
			"rideHeight": [ 1, 6, 10, 18 ],
			"rodLength": [ 23.125045776367188, 23.125045776367188, 11.067508697509766, 11.067508697509766 ],
			"splitter": 0,
			"rearWing": 5,
			"brakeDuct": [ 3, 2 ]
		},
		"drivetrain":
		{
			"preload": 6
		}
	},
	"trackBopType": 16
}