{
	"carName": "audi_r8_lms_evo",
	"basicSetup":
	{
		"tyres":
		{
			"tyreCompound": 0,
			"tyrePressure": [ 56, 62, 57, 63 ]
		},
		"alignment":
		{
			"camber": [ 10, 10, 13, 13 ],
			"toe": [ 29, 29, 57, 57 ],
			"staticCamber": [ -4.1615467071533203, -4.1528081893920898, -3.528106689453125, -3.5185267925262451 ],
			"toeOutLinear": [ 0.00039580222801305354, 0.00039555705734528601, 0.00058507214998826385, 0.00058513315161690116 ],
			"casterLF": 14,
			"casterRF": 14,
			"steerRatio": 4
		},
		"electronics":
		{
			"tC1": 3,
			"tC2": 0,
			"abs": 2,
			"eCUMap": 0,
			"fuelMix": 0,
			"telemetryLaps": 15
		},
		"strategy":
		{
			"fuel": 58,
			"nPitStops": 0,
			"tyreSet": 0,
			"frontBrakePadCompound": 0,
			"rearBrakePadCompound": 0,
			"pitStrategy": [
				{
					"fuelToAdd": 0,
					"tyres":
					{
						"tyreCompound": 0,
						"tyrePressure": [ 50, 53, 47, 49 ]
					},
					"tyreSet": 2,
					"frontBrakePadCompound": 1,
					"rearBrakePadCompound": 1
				}
			],
			"fuelPerLap": 3
		}
	},
	"advancedSetup":
	{
		"mechanicalBalance":
		{
			"aRBFront": 3,
			"aRBRear": 4,
			"wheelRate": [ 3, 3, 3, 3 ],
			"bumpStopRateUp": [ 6, 6, 4, 4 ],
			"bumpStopRateDn": [ 0, 0, 10, 10 ],
			"bumpStopWindow": [ 2, 2, 45, 45 ],
			"brakeTorque": 20,
			"brakeBias": 66
		},
		"dampers":
		{
			"bumpSlow": [ 10, 10, 12, 12 ],
			"bumpFast": [ 16, 16, 10, 10 ],
			"reboundSlow": [ 24, 24, 20, 20 ],
			"reboundFast": [ 26, 26, 15, 15 ]
		},
		"aeroBalance":
		{
			"rideHeight": [ 1, 6, 10, 18 ],
			"rodLength": [ 25.28911018371582, 25.28911018371582, 11.029431343078613, 11.029431343078613 ],
			"splitter": 0,
			"rearWing": 5,
			"brakeDuct": [ 3, 2 ]
		},
		"drivetrain":
		{
			"preload": 6
		}
	}
}