{
	"carName": "ferrari_488_gt3_evo",
	"basicSetup":
	{
		"tyres":
		{
			"tyreCompound": 1,
			"tyrePressure": [ 59, 67, 48, 55 ]
		},
		"alignment":
		{
			"camber": [ 15, 15, 15, 15 ],
			"toe": [ 40, 40, 40, 40 ],
			"staticCamber": [ -1.729148268699646, -1.7254040241241455, -0.79663896560668945, -0.79202985763549805 ],
			"toeOutLinear": [ 0.00060623860917985439, 0.00060615880647674203, -0.00065207085572183132, -0.00065179105149582028 ],
			"casterLF": 46,
			"casterRF": 46,
			"steerRatio": 4
		},
		"electronics":
		{
			"tC1": 6,
			"tC2": 6,
			"abs": 5,
			"eCUMap": 0,
			"fuelMix": 0,
			"telemetryLaps": 6
		},
		"strategy":
		{
			"fuel": 58,
			"nPitStops": 0,
			"tyreSet": 0,
			"frontBrakePadCompound": 2,
			"rearBrakePadCompound": 2,
			"pitStrategy": [
				{
					"fuelToAdd": 0,
					"tyres":
					{
						"tyreCompound": 0,
						"tyrePressure": [ 72, 72, 71, 71 ]
					},
					"tyreSet": 2,
					"frontBrakePadCompound": 2,
					"rearBrakePadCompound": 2
				}
			],
			"fuelPerLap": 3.3757667541503906
		}
	},
	"advancedSetup":
	{
		"mechanicalBalance":
		{
			"aRBFront": 25,
			"aRBRear": 0,
			"wheelRate": [ 5, 5, 0, 0 ],
			"bumpStopRateUp": [ 7, 7, 2, 2 ],
			"bumpStopRateDn": [ 0, 0, 10, 10 ],
			"bumpStopWindow": [ 0, 0, 50, 50 ],
			"brakeTorque": 20,
			"brakeBias": 15
		},
		"dampers":
		{
			"bumpSlow": [ 8, 8, 1, 1 ],
			"bumpFast": [ 2, 2, 3, 3 ],
			"reboundSlow": [ 4, 4, 3, 3 ],
			"reboundFast": [ 4, 4, 4, 4 ]
		},
		"aeroBalance":
		{
			"rideHeight": [ 7, 6, 2, 18 ],
			"rodLength": [ -23.922119140625, -23.922119140625, -17.794183731079102, -17.794183731079102 ],
			"splitter": 0,
			"rearWing": 7,
			"brakeDuct": [ 4, 5 ]
		},
		"drivetrain":
		{
			"preload": 15
		}
	},
	"trackBopType": 25
}