{
	"carName": "ferrari_488_gt3_evo",
	"basicSetup":
	{
		"tyres":
		{
			"tyreCompound": 0,
			"tyrePressure": [ 60, 56, 61, 57 ]
		},
		"alignment":
		{
			"camber": [ 12, 12, 20, 20 ],
			"toe": [ 35, 35, 45, 45 ],
			"staticCamber": [ -2.8718373775482178, -2.8742012977600098, -1.7916862964630127, -1.7946056127548218 ],
			"toeOutLinear": [ 0.00082342285895720124, 0.00082352000754326582, -0.00054187153000384569, -0.00054248672677204013 ],
			"casterLF": 46,
			"casterRF": 46,
			"steerRatio": 4
		},
		"electronics":
		{
			"tC1": 5,
			"tC2": 5,
			"abs": 5,
			"eCUMap": 0,
			"fuelMix": 0,
			"telemetryLaps": 7
		},
		"strategy":
		{
			"fuel": 14,
			"nPitStops": 0,
			"tyreSet": 10,
			"frontBrakePadCompound": 0,
			"rearBrakePadCompound": 0,
			"pitStrategy": [
				{
					"fuelToAdd": 0,
					"tyres":
					{
						"tyreCompound": 0,
						"tyrePressure": [ 62, 57, 62, 57 ]
					},
					"tyreSet": 2,
					"frontBrakePadCompound": 1,
					"rearBrakePadCompound": 1
				}
			],
			"fuelPerLap": 3.6321053504943848
		}
	},
	"advancedSetup":
	{
		"mechanicalBalance":
		{
			"aRBFront": 35,
			"aRBRear": 9,
			"wheelRate": [ 8, 8, 2, 2 ],
			"bumpStopRateUp": [ 10, 10, 2, 2 ],
			"bumpStopRateDn": [ 0, 0, 10, 10 ],
			"bumpStopWindow": [ 1, 1, 50, 50 ],
			"brakeTorque": 20,
			"brakeBias": 45
		},
		"dampers":
		{
			"bumpSlow": [ 5, 5, 2, 2 ],
			"bumpFast": [ 2, 2, 3, 3 ],
			"reboundSlow": [ 3, 3, 9, 9 ],
			"reboundFast": [ 6, 6, 6, 6 ]
		},
		"aeroBalance":
		{
			"rideHeight": [ 1, 6, 3, 18 ],
			"rodLength": [ -35.299907684326172, -35.299907684326172, -23.605186462402344, -23.605186462402344 ],
			"splitter": 0,
			"rearWing": 4,
			"brakeDuct": [ 2, 2 ]
		},
		"drivetrain":
		{
			"preload": 12
		}
	},
	"trackBopType": 12
}