{
	"carName": "bmw_m2_cs_racing",
	"basicSetup":
	{
		"tyres":
		{
			"tyreCompound": 0,
			"tyrePressure": [ 45, 39, 52, 47 ]
		},
		"alignment":
		{
			"camber": [ 5, 5, 2, 2 ],
			"toe": [ 14, 14, 5, 5 ],
			"staticCamber": [ -4.2954874038696289, -4.295107364654541, -2.5519623756408691, -2.5558781623840332 ],
			"toeOutLinear": [ -2.0684134938164789e-07, 6.6931911533174571e-06, 0.00015695783076807857, 0.00015702027303632349 ],
			"casterLF": 0,
			"casterRF": 0,
			"steerRatio": 5
		},
		"electronics":
		{
			"tC1": 1,
			"tC2": 0,
			"abs": 1,
			"eCUMap": 0,
			"fuelMix": 0,
			"telemetryLaps": 0
		},
		"strategy":
		{
			"fuel": 12,
			"nPitStops": 0,
			"tyreSet": 2,
			"frontBrakePadCompound": 1,
			"rearBrakePadCompound": 1,
			"pitStrategy": [
				{
					"fuelToAdd": 0,
					"tyres":
					{
						"tyreCompound": 0,
						"tyrePressure": [ 33, 32, 41, 39 ]
					},
					"tyreSet": 2,
					"frontBrakePadCompound": 1,
					"rearBrakePadCompound": 1
				}
			],
			"fuelPerLap": 1.9971616268157959
		}
	},
	"advancedSetup":
	{
		"mechanicalBalance":
		{
			"aRBFront": 1,
			"aRBRear": 1,
			"wheelRate": [ 1, 1, 0, 0 ],
			"bumpStopRateUp": [ 0, 0, 0, 0 ],
			"bumpStopRateDn": [ 0, 0, 10, 10 ],
			"bumpStopWindow": [ 30, 30, 40, 40 ],
			"brakeTorque": 20,
			"brakeBias": 0
		},
		"dampers":
		{
			"bumpSlow": [ 7, 7, 14, 14 ],
			"bumpFast": [ 0, 0, 0, 0 ],
			"reboundSlow": [ 11, 11, 14, 14 ],
			"reboundFast": [ 0, 0, 0, 0 ]
		},
		"aeroBalance":
		{
			"rideHeight": [ 1, 0, 0, 0 ],
			"rodLength": [ -4.2342948913574219, -4.2342948913574219, -6.1137270927429199, -6.1137270927429199 ],
			"splitter": 0,
			"rearWing": 3,
			"brakeDuct": [ 4, 4 ]
		},
		"drivetrain":
		{
			"preload": 0
		}
	},
	"trackBopType": 27
}