{
	"carName": "ferrari_488_gt3_evo",
	"basicSetup":
	{
		"tyres":
		{
			"tyreCompound": 0,
			"tyrePressure": [ 59, 67, 59, 65 ]
		},
		"alignment":
		{
			"camber": [ 4, 4, 5, 5 ],
			"toe": [ 0, 0, 0, 0 ],
			"staticCamber": [ -2.7437820434570313, -2.7401876449584961, -1.7064285278320313, -1.7014583349227905 ],
			"toeOutLinear": [ 0.0019691251218318939, 0.0019691146444529295, -0.0015581201296299696, -0.0015579105820506811 ],
			"casterLF": 55,
			"casterRF": 55,
			"steerRatio": 4
		},
		"electronics":
		{
			"tC1": 5,
			"tC2": 4,
			"abs": 4,
			"eCUMap": 0,
			"fuelMix": 0,
			"telemetryLaps": 7
		},
		"strategy":
		{
			"fuel": 20,
			"nPitStops": 0,
			"tyreSet": 4,
			"frontBrakePadCompound": 0,
			"rearBrakePadCompound": 0,
			"pitStrategy": [
				{
					"fuelToAdd": 0,
					"tyres":
					{
						"tyreCompound": 0,
						"tyrePressure": [ 57, 69, 57, 64 ]
					},
					"tyreSet": 2,
					"frontBrakePadCompound": 0,
					"rearBrakePadCompound": 0
				}
			],
			"fuelPerLap": 3.4148116111755371
		}
	},
	"advancedSetup":
	{
		"mechanicalBalance":
		{
			"aRBFront": 30,
			"aRBRear": 5,
			"wheelRate": [ 7, 7, 5, 5 ],
			"bumpStopRateUp": [ 4, 4, 5, 5 ],
			"bumpStopRateDn": [ 0, 0, 10, 10 ],
			"bumpStopWindow": [ 0, 0, 15, 15 ],
			"brakeTorque": 20,
			"brakeBias": 30
		},
		"dampers":
		{
			"bumpSlow": [ 9, 8, 2, 2 ],
			"bumpFast": [ 4, 4, 4, 4 ],
			"reboundSlow": [ 5, 5, 5, 5 ],
			"reboundFast": [ 6, 6, 6, 6 ]
		},
		"aeroBalance":
		{
			"rideHeight": [ 1, 6, 3, 18 ],
			"rodLength": [ -33.317718505859375, -33.317718505859375, -25.280609130859375, -25.280609130859375 ],
			"splitter": 0,
			"rearWing": 0,
			"brakeDuct": [ 4, 3 ]
		},
		"drivetrain":
		{
			"preload": 28
		}
	},
	"trackBopType": 31
}