{
	"carName": "ferrari_488_gt3_evo",
	"basicSetup":
	{
		"tyres":
		{
			"tyreCompound": 0,
			"tyrePressure": [ 61, 53, 59, 54 ]
		},
		"alignment":
		{
			"camber": [ 2, 2, 2, 2 ],
			"toe": [ 32, 32, 0, 0 ],
			"staticCamber": [ -2.8967156410217285, -2.9012093544006348, -2.1798913478851318, -2.1834907531738281 ],
			"toeOutLinear": [ 0.00090588547755032778, 0.000905886001419276, -0.0015089388471096754, -0.0015089804073795676 ],
			"casterLF": 48,
			"casterRF": 48,
			"steerRatio": 4
		},
		"electronics":
		{
			"tC1": 5,
			"tC2": 5,
			"abs": 5,
			"eCUMap": 0,
			"fuelMix": 0,
			"telemetryLaps": 26
		},
		"strategy":
		{
			"fuel": 8,
			"nPitStops": 0,
			"tyreSet": 5,
			"frontBrakePadCompound": 0,
			"rearBrakePadCompound": 0,
			"pitStrategy": [
				{
					"fuelToAdd": 0,
					"tyres":
					{
						"tyreCompound": 0,
						"tyrePressure": [ 60, 52, 58, 53 ]
					},
					"tyreSet": 2,
					"frontBrakePadCompound": 1,
					"rearBrakePadCompound": 1
				}
			],
			"fuelPerLap": 2.2283265590667725
		}
	},
	"advancedSetup":
	{
		"mechanicalBalance":
		{
			"aRBFront": 26,
			"aRBRear": 30,
			"wheelRate": [ 6, 6, 3, 3 ],
			"bumpStopRateUp": [ 7, 7, 4, 4 ],
			"bumpStopRateDn": [ 0, 0, 10, 10 ],
			"bumpStopWindow": [ 3, 3, 14, 14 ],
			"brakeTorque": 20,
			"brakeBias": 30
		},
		"dampers":
		{
			"bumpSlow": [ 8, 8, 5, 5 ],
			"bumpFast": [ 2, 2, 3, 3 ],
			"reboundSlow": [ 7, 7, 6, 6 ],
			"reboundFast": [ 4, 4, 3, 3 ]
		},
		"aeroBalance":
		{
			"rideHeight": [ 2, 6, 9, 18 ],
			"rodLength": [ -30.951406478881836, -30.951406478881836, -17.201248168945313, -17.201248168945313 ],
			"splitter": 0,
			"rearWing": 14,
			"brakeDuct": [ 4, 4 ]
		},
		"drivetrain":
		{
			"preload": 15
		}
	},
	"trackBopType": 43
}