{
	"carName": "ferrari_488_gt3_evo",
	"basicSetup":
	{
		"tyres":
		{
			"tyreCompound": 0,
			"tyrePressure": [ 51, 60, 55, 61 ]
		},
		"alignment":
		{
			"camber": [ 0, 0, 0, 0 ],
			"toe": [ 30, 30, 40, 40 ],
			"staticCamber": [ -3.0701160430908203, -3.0649459362030029, -2.3018519878387451, -2.2974143028259277 ],
			"toeOutLinear": [ 0.00099499127827584743, 0.00099508010316640139, -0.00065197539515793324, -0.00065169628942385316 ],
			"casterLF": 46,
			"casterRF": 46,
			"steerRatio": 4
		},
		"electronics":
		{
			"tC1": 5,
			"tC2": 5,
			"abs": 5,
			"eCUMap": 0,
			"fuelMix": 0,
			"telemetryLaps": 7
		},
		"strategy":
		{
			"fuel": 58,
			"nPitStops": 0,
			"tyreSet": 3,
			"frontBrakePadCompound": 1,
			"rearBrakePadCompound": 1,
			"pitStrategy": [
				{
					"fuelToAdd": 0,
					"tyres":
					{
						"tyreCompound": 0,
						"tyrePressure": [ 51, 67, 51, 63 ]
					},
					"tyreSet": 2,
					"frontBrakePadCompound": 1,
					"rearBrakePadCompound": 1
				}
			],
			"fuelPerLap": 3.3538978099822998
		}
	},
	"advancedSetup":
	{
		"mechanicalBalance":
		{
			"aRBFront": 35,
			"aRBRear": 9,
			"wheelRate": [ 8, 8, 3, 3 ],
			"bumpStopRateUp": [ 4, 4, 2, 2 ],
			"bumpStopRateDn": [ 0, 0, 10, 10 ],
			"bumpStopWindow": [ 1, 1, 50, 50 ],
			"brakeTorque": 20,
			"brakeBias": 47
		},
		"dampers":
		{
			"bumpSlow": [ 2, 2, 2, 2 ],
			"bumpFast": [ 2, 2, 3, 3 ],
			"reboundSlow": [ 9, 9, 8, 8 ],
			"reboundFast": [ 4, 4, 4, 4 ]
		},
		"aeroBalance":
		{
			"rideHeight": [ 0, 6, 3, 18 ],
			"rodLength": [ -35.489517211914063, -35.489517211914063, -23.147100448608398, -23.147100448608398 ],
			"splitter": 0,
			"rearWing": 12,
			"brakeDuct": [ 2, 2 ]
		},
		"drivetrain":
		{
			"preload": 8
		}
	},
	"trackBopType": 27
}