{
	"carName": "ferrari_488_gt3_evo",
	"basicSetup":
	{
		"tyres":
		{
			"tyreCompound": 0,
			"tyrePressure": [ 54, 64, 52, 62 ]
		},
		"alignment":
		{
			"camber": [ 0, 0, 0, 0 ],
			"toe": [ 32, 32, 53, 53 ],
			"staticCamber": [ -3.0643482208251953, -3.0564794540405273, -2.3118271827697754, -2.3022277355194092 ],
			"toeOutLinear": [ 0.00090149365132674575, 0.0009015539544634521, -0.0003624256351031363, -0.00036188348894938827 ],
			"casterLF": 50,
			"casterRF": 50,
			"steerRatio": 3
		},
		"electronics":
		{
			"tC1": 2,
			"tC2": 4,
			"abs": 2,
			"eCUMap": 0,
			"fuelMix": 0,
			"telemetryLaps": 0
		},
		"strategy":
		{
			"fuel": 108,
			"nPitStops": 0,
			"tyreSet": 0,
			"frontBrakePadCompound": 1,
			"rearBrakePadCompound": 1,
			"pitStrategy": [
				{
					"fuelToAdd": 0,
					"tyres":
					{
						"tyreCompound": 0,
						"tyrePressure": [ 51, 67, 51, 63 ]
					},
					"tyreSet": 2,
					"frontBrakePadCompound": 1,
					"rearBrakePadCompound": 1
				}
			],
			"fuelPerLap": 3.3670439720153809
		}
	},
	"advancedSetup":
	{
		"mechanicalBalance":
		{
			"aRBFront": 25,
			"aRBRear": 15,
			"wheelRate": [ 9, 9, 3, 3 ],
			"bumpStopRateUp": [ 7, 7, 1, 1 ],
			"bumpStopRateDn": [ 0, 0, 10, 10 ],
			"bumpStopWindow": [ 1, 1, 40, 40 ],
			"brakeTorque": 20,
			"brakeBias": 34
		},
		"dampers":
		{
			"bumpSlow": [ 5, 5, 2, 2 ],
			"bumpFast": [ 3, 3, 2, 2 ],
			"reboundSlow": [ 8, 8, 6, 6 ],
			"reboundFast": [ 6, 6, 3, 3 ]
		},
		"aeroBalance":
		{
			"rideHeight": [ 0, 6, 2, 18 ],
			"rodLength": [ -35.935039520263672, -35.935039520263672, -22.805803298950195, -22.805803298950195 ],
			"splitter": 0,
			"rearWing": 11,
			"brakeDuct": [ 2, 3 ]
		},
		"drivetrain":
		{
			"preload": 11
		}
	},
	"trackBopType": 27
}