{
	"carName": "amr_v8_vantage_gt3",
	"basicSetup":
	{
		"tyres":
		{
			"tyreCompound": 0,
			"tyrePressure": [ 56, 61, 55, 61 ]
		},
		"alignment":
		{
			"camber": [ 4, 4, 3, 3 ],
			"toe": [ 26, 26, 50, 50 ],
			"staticCamber": [ -5.0107202529907227, -5.0078930854797363, -4.8709902763366699, -4.8664803504943848 ],
			"toeOutLinear": [ 0.00024233025033026934, 0.00024242691870313138, 0.0002974383533000946, 0.00029740369063802063 ],
			"casterLF": 3,
			"casterRF": 3,
			"steerRatio": 1
		},
		"electronics":
		{
			"tC1": 3,
			"tC2": 3,
			"abs": 3,
			"eCUMap": 0,
			"fuelMix": 0,
			"telemetryLaps": 6
		},
		"strategy":
		{
			"fuel": 58,
			"nPitStops": 0,
			"tyreSet": 5,
			"frontBrakePadCompound": 1,
			"rearBrakePadCompound": 1,
			"pitStrategy": [
				{
					"fuelToAdd": 0,
					"tyres":
					{
						"tyreCompound": 0,
						"tyrePressure": [ 50, 63, 50, 61 ]
					},
					"tyreSet": 2,
					"frontBrakePadCompound": 1,
					"rearBrakePadCompound": 1
				}
			],
			"fuelPerLap": 2.5533058643341064
		}
	},
	"advancedSetup":
	{
		"mechanicalBalance":
		{
			"aRBFront": 2,
			"aRBRear": 4,
			"wheelRate": [ 4, 4, 6, 6 ],
			"bumpStopRateUp": [ 11, 11, 5, 5 ],
			"bumpStopRateDn": [ 0, 0, 10, 10 ],
			"bumpStopWindow": [ 6, 6, 60, 60 ],
			"brakeTorque": 20,
			"brakeBias": 37
		},
		"dampers":
		{
			"bumpSlow": [ 23, 23, 24, 24 ],
			"bumpFast": [ 22, 22, 18, 18 ],
			"reboundSlow": [ 30, 30, 22, 22 ],
			"reboundFast": [ 25, 25, 21, 21 ]
		},
		"aeroBalance":
		{
			"rideHeight": [ 1, 6, 25, 18 ],
			"rodLength": [ 57.848545074462891, 57.848545074462891, 69.0411376953125, 69.0411376953125 ],
			"splitter": 0,
			"rearWing": 10,
			"brakeDuct": [ 3, 2 ]
		},
		"drivetrain":
		{
			"preload": 8
		}
	},
	"trackBopType": 28
}