{
	"carName": "ferrari_488_gt3_evo",
	"basicSetup":
	{
		"tyres":
		{
			"tyreCompound": 0,
			"tyrePressure": [ 58, 60, 57, 57 ]
		},
		"alignment":
		{
			"camber": [ 12, 12, 18, 18 ],
			"toe": [ 32, 32, 48, 48 ],
			"staticCamber": [ -2.9765787124633789, -2.9754624366760254, -2.128948450088501, -2.1299810409545898 ],
			"toeOutLinear": [ 0.00089637190103530884, 0.00089650688460096717, -0.00044094320037402213, -0.00043993114377371967 ],
			"casterLF": 46,
			"casterRF": 46,
			"steerRatio": 4
		},
		"electronics":
		{
			"tC1": 5,
			"tC2": 5,
			"abs": 5,
			"eCUMap": 0,
			"fuelMix": 0,
			"telemetryLaps": 7
		},
		"strategy":
		{
			"fuel": 58,
			"nPitStops": 0,
			"tyreSet": 16,
			"frontBrakePadCompound": 1,
			"rearBrakePadCompound": 1,
			"pitStrategy": [
				{
					"fuelToAdd": 0,
					"tyres":
					{
						"tyreCompound": 0,
						"tyrePressure": [ 51, 67, 51, 63 ]
					},
					"tyreSet": 2,
					"frontBrakePadCompound": 1,
					"rearBrakePadCompound": 1
				}
			],
			"fuelPerLap": 2.6102173328399658
		}
	},
	"advancedSetup":
	{
		"mechanicalBalance":
		{
			"aRBFront": 45,
			"aRBRear": 13,
			"wheelRate": [ 5, 5, 2, 2 ],
			"bumpStopRateUp": [ 2, 2, 0, 0 ],
			"bumpStopRateDn": [ 0, 0, 10, 10 ],
			"bumpStopWindow": [ 1, 1, 50, 50 ],
			"brakeTorque": 20,
			"brakeBias": 53
		},
		"dampers":
		{
			"bumpSlow": [ 2, 2, 2, 2 ],
			"bumpFast": [ 6, 6, 11, 11 ],
			"reboundSlow": [ 6, 6, 8, 8 ],
			"reboundFast": [ 4, 4, 11, 11 ]
		},
		"aeroBalance":
		{
			"rideHeight": [ 5, 6, 7, 18 ],
			"rodLength": [ -26.360681533813477, -26.360681533813477, -17.967903137207031, -17.967903137207031 ],
			"splitter": 0,
			"rearWing": 14,
			"brakeDuct": [ 4, 3 ]
		},
		"drivetrain":
		{
			"preload": 10
		}
	},
	"trackBopType": 19
}