{
	"carName": "mclaren_720s_gt3",
	"basicSetup":
	{
		"tyres":
		{
			"tyreCompound": 0,
			"tyrePressure": [ 58, 57, 61, 60 ]
		},
		"alignment":
		{
			"camber": [ 13, 13, 13, 13 ],
			"toe": [ 36, 36, 28, 28 ],
			"staticCamber": [ -4.3079676628112793, -4.3085317611694336, -4.7878637313842773, -4.7887730598449707 ],
			"toeOutLinear": [ 0.0015971617540344596, 0.0015971699031069875, 0.0006253367755562067, 0.00062534946482628584 ],
			"casterLF": 11,
			"casterRF": 11,
			"steerRatio": 2
		},
		"electronics":
		{
			"tC1": 3,
			"tC2": 6,
			"abs": 4,
			"eCUMap": 0,
			"fuelMix": 0,
			"telemetryLaps": 5
		},
		"strategy":
		{
			"fuel": 58,
			"nPitStops": 0,
			"tyreSet": 4,
			"frontBrakePadCompound": 1,
			"rearBrakePadCompound": 1,
			"pitStrategy": [
				{
					"fuelToAdd": 0,
					"tyres":
					{
						"tyreCompound": 0,
						"tyrePressure": [ 50, 63, 47, 59 ]
					},
					"tyreSet": 2,
					"frontBrakePadCompound": 1,
					"rearBrakePadCompound": 1
				}
			],
			"fuelPerLap": 2.8450441360473633
		}
	},
	"advancedSetup":
	{
		"mechanicalBalance":
		{
			"aRBFront": 5,
			"aRBRear": 5,
			"wheelRate": [ 5, 5, 5, 5 ],
			"bumpStopRateUp": [ 7, 7, 2, 2 ],
			"bumpStopRateDn": [ 0, 0, 10, 10 ],
			"bumpStopWindow": [ 3, 3, 50, 50 ],
			"brakeTorque": 20,
			"brakeBias": 50
		},
		"dampers":
		{
			"bumpSlow": [ 17, 17, 20, 20 ],
			"bumpFast": [ 26, 26, 21, 21 ],
			"reboundSlow": [ 16, 16, 24, 24 ],
			"reboundFast": [ 16, 16, 21, 21 ]
		},
		"aeroBalance":
		{
			"rideHeight": [ 1, 6, 15, 18 ],
			"rodLength": [ 56.185596466064453, 56.185596466064453, 43.811763763427734, 43.811763763427734 ],
			"splitter": 0,
			"rearWing": 7,
			"brakeDuct": [ 3, 2 ]
		},
		"drivetrain":
		{
			"preload": 8
		}
	},
	"trackBopType": 16
}