{
	"carName": "mclaren_720s_gt3",
	"basicSetup":
	{
		"tyres":
		{
			"tyreCompound": 1,
			"tyrePressure": [ 77, 77, 77, 77 ]
		},
		"alignment":
		{
			"camber": [ 19, 19, 19, 19 ],
			"toe": [ 36, 36, 29, 29 ],
			"staticCamber": [ -3.7097992897033691, -3.7097921371459961, -3.959855318069458, -3.9598531723022461 ],
			"toeOutLinear": [ 0.0016698171384632587, 0.0016698029357939959, 0.00060545047745108604, 0.00060545175801962614 ],
			"casterLF": 11,
			"casterRF": 11,
			"steerRatio": 1
		},
		"electronics":
		{
			"tC1": 4,
			"tC2": 6,
			"abs": 4,
			"eCUMap": 0,
			"fuelMix": 0,
			"telemetryLaps": 5
		},
		"strategy":
		{
			"fuel": 83,
			"nPitStops": 0,
			"tyreSet": 0,
			"frontBrakePadCompound": 1,
			"rearBrakePadCompound": 1,
			"pitStrategy": [
				{
					"fuelToAdd": 0,
					"tyres":
					{
						"tyreCompound": 0,
						"tyrePressure": [ 50, 63, 47, 59 ]
					},
					"tyreSet": 2,
					"frontBrakePadCompound": 1,
					"rearBrakePadCompound": 1
				}
			],
			"fuelPerLap": 2.8499999046325684
		}
	},
	"advancedSetup":
	{
		"mechanicalBalance":
		{
			"aRBFront": 8,
			"aRBRear": 3,
			"wheelRate": [ 3, 3, 3, 3 ],
			"bumpStopRateUp": [ 7, 7, 2, 2 ],
			"bumpStopRateDn": [ 0, 0, 10, 10 ],
			"bumpStopWindow": [ 0, 0, 50, 50 ],
			"brakeTorque": 20,
			"brakeBias": 34
		},
		"dampers":
		{
			"bumpSlow": [ 26, 26, 20, 20 ],
			"bumpFast": [ 21, 21, 13, 13 ],
			"reboundSlow": [ 16, 16, 24, 24 ],
			"reboundFast": [ 8, 8, 13, 13 ]
		},
		"aeroBalance":
		{
			"rideHeight": [ 5, 6, 9, 18 ],
			"rodLength": [ 61.720195770263672, 61.720195770263672, 40.983654022216797, 40.983654022216797 ],
			"splitter": 0,
			"rearWing": 7,
			"brakeDuct": [ 2, 1 ]
		},
		"drivetrain":
		{
			"preload": 7
		}
	},
	"trackBopType": 16
}