{
	"carName": "amr_v8_vantage_gt3",
	"basicSetup":
	{
		"tyres":
		{
			"tyreCompound": 0,
			"tyrePressure": [ 47, 57, 50, 57 ]
		},
		"alignment":
		{
			"camber": [ 5, 5, 10, 10 ],
			"toe": [ 32, 32, 55, 55 ],
			"staticCamber": [ -4.9674725532531738, -4.962430477142334, -4.4586348533630371, -4.453641414642334 ],
			"toeOutLinear": [ 0.00014308364188764244, 0.00014300382463261485, 0.00041039226925931871, 0.000410351378377527 ],
			"casterLF": 13,
			"casterRF": 13,
			"steerRatio": 1
		},
		"electronics":
		{
			"tC1": 2,
			"tC2": 3,
			"abs": 3,
			"eCUMap": 0,
			"fuelMix": 0,
			"telemetryLaps": 0
		},
		"strategy":
		{
			"fuel": 0,
			"nPitStops": 0,
			"tyreSet": 3,
			"frontBrakePadCompound": 0,
			"rearBrakePadCompound": 0,
			"pitStrategy": [
				{
					"fuelToAdd": 0,
					"tyres":
					{
						"tyreCompound": 0,
						"tyrePressure": [ 50, 63, 50, 61 ]
					},
					"tyreSet": 2,
					"frontBrakePadCompound": 1,
					"rearBrakePadCompound": 1
				}
			],
			"fuelPerLap": 2.6500000953674316
		}
	},
	"advancedSetup":
	{
		"mechanicalBalance":
		{
			"aRBFront": 4,
			"aRBRear": 4,
			"wheelRate": [ 6, 6, 8, 8 ],
			"bumpStopRateUp": [ 5, 5, 4, 4 ],
			"bumpStopRateDn": [ 0, 0, 10, 10 ],
			"bumpStopWindow": [ 6, 6, 18, 18 ],
			"brakeTorque": 20,
			"brakeBias": 23
		},
		"dampers":
		{
			"bumpSlow": [ 12, 12, 13, 13 ],
			"bumpFast": [ 16, 16, 13, 13 ],
			"reboundSlow": [ 18, 18, 15, 15 ],
			"reboundFast": [ 23, 23, 20, 20 ]
		},
		"aeroBalance":
		{
			"rideHeight": [ 3, 6, 17, 18 ],
			"rodLength": [ 57.679519653320313, 57.679519653320313, 58.168376922607422, 58.168376922607422 ],
			"splitter": 0,
			"rearWing": 9,
			"brakeDuct": [ 2, 2 ]
		},
		"drivetrain":
		{
			"preload": 4
		}
	}
}