{
	"carName": "mclaren_720s_gt3",
	"basicSetup":
	{
		"tyres":
		{
			"tyreCompound": 0,
			"tyrePressure": [ 63, 63, 52, 60 ]
		},
		"alignment":
		{
			"camber": [ 8, 8, 13, 13 ],
			"toe": [ 38, 38, 25, 25 ],
			"staticCamber": [ -4.8122491836547852, -4.8137407302856445, -4.5570755004882813, -4.5596461296081543 ],
			"toeOutLinear": [ 0.0016522766090929508, 0.0016528902342543006, 0.00051442492986097932, 0.00051456177607178688 ],
			"casterLF": 11,
			"casterRF": 11,
			"steerRatio": 4
		},
		"electronics":
		{
			"tC1": 2,
			"tC2": 6,
			"abs": 4,
			"eCUMap": 0,
			"fuelMix": 0,
			"telemetryLaps": 32
		},
		"strategy":
		{
			"fuel": 98,
			"nPitStops": 0,
			"tyreSet": 9,
			"frontBrakePadCompound": 0,
			"rearBrakePadCompound": 0,
			"pitStrategy": [
				{
					"fuelToAdd": 0,
					"tyres":
					{
						"tyreCompound": 0,
						"tyrePressure": [ 50, 63, 47, 59 ]
					},
					"tyreSet": 2,
					"frontBrakePadCompound": 1,
					"rearBrakePadCompound": 1
				}
			],
			"fuelPerLap": 4.2420721054077148
		}
	},
	"advancedSetup":
	{
		"mechanicalBalance":
		{
			"aRBFront": 2,
			"aRBRear": 6,
			"wheelRate": [ 5, 5, 4, 4 ],
			"bumpStopRateUp": [ 7, 7, 2, 2 ],
			"bumpStopRateDn": [ 0, 0, 10, 10 ],
			"bumpStopWindow": [ 4, 4, 30, 30 ],
			"brakeTorque": 20,
			"brakeBias": 57
		},
		"dampers":
		{
			"bumpSlow": [ 26, 26, 20, 20 ],
			"bumpFast": [ 31, 31, 23, 23 ],
			"reboundSlow": [ 14, 14, 22, 22 ],
			"reboundFast": [ 18, 18, 23, 23 ]
		},
		"aeroBalance":
		{
			"rideHeight": [ 4, 6, 7, 18 ],
			"rodLength": [ 60.509883880615234, 60.509883880615234, 39.363185882568359, 39.363185882568359 ],
			"splitter": 0,
			"rearWing": 3,
			"brakeDuct": [ 4, 3 ]
		},
		"drivetrain":
		{
			"preload": 8
		}
	}
}