{
	"carName": "bmw_m6_gt3",
	"basicSetup":
	{
		"tyres":
		{
			"tyreCompound": 0,
			"tyrePressure": [ 52, 62, 63, 63 ]
		},
		"alignment":
		{
			"camber": [ 7, 7, 1, 1 ],
			"toe": [ 8, 8, 12, 12 ],
			"staticCamber": [ -3.8006472587585449, -3.7933304309844971, -3.3469212055206299, -3.3470582962036133 ],
			"toeOutLinear": [ 0.0002718868781812489, 0.00027188690728507936, 0.00030826666625216603, 0.00030860333936288953 ],
			"casterLF": 13,
			"casterRF": 13,
			"steerRatio": 4
		},
		"electronics":
		{
			"tC1": 3,
			"tC2": 0,
			"abs": 2,
			"eCUMap": 0,
			"fuelMix": 0,
			"telemetryLaps": 10
		},
		"strategy":
		{
			"fuel": 58,
			"nPitStops": 0,
			"tyreSet": 14,
			"frontBrakePadCompound": 0,
			"rearBrakePadCompound": 0,
			"pitStrategy": [
				{
					"fuelToAdd": 0,
					"tyres":
					{
						"tyreCompound": 0,
						"tyrePressure": [ 47, 50, 47, 48 ]
					},
					"tyreSet": 2,
					"frontBrakePadCompound": 1,
					"rearBrakePadCompound": 1
				}
			],
			"fuelPerLap": 2.4459664821624756
		}
	},
	"advancedSetup":
	{
		"mechanicalBalance":
		{
			"aRBFront": 3,
			"aRBRear": 7,
			"wheelRate": [ 4, 4, 3, 3 ],
			"bumpStopRateUp": [ 5, 5, 2, 2 ],
			"bumpStopRateDn": [ 0, 0, 10, 10 ],
			"bumpStopWindow": [ 3, 3, 30, 30 ],
			"brakeTorque": 20,
			"brakeBias": 35
		},
		"dampers":
		{
			"bumpSlow": [ 20, 20, 20, 20 ],
			"bumpFast": [ 22, 22, 20, 20 ],
			"reboundSlow": [ 26, 26, 17, 17 ],
			"reboundFast": [ 22, 22, 18, 18 ]
		},
		"aeroBalance":
		{
			"rideHeight": [ 1, 11, 13, 18 ],
			"rodLength": [ 14.358735084533691, 14.358735084533691, 29.693828582763672, 29.693828582763672 ],
			"splitter": 0,
			"rearWing": 6,
			"brakeDuct": [ 4, 3 ]
		},
		"drivetrain":
		{
			"preload": 5
		}
	}
}