{
	"carName": "bmw_m6_gt3",
	"basicSetup":
	{
		"tyres":
		{
			"tyreCompound": 0,
			"tyrePressure": [ 52, 62, 60, 66 ]
		},
		"alignment":
		{
			"camber": [ 2, 2, 1, 1 ],
			"toe": [ 8, 8, 12, 12 ],
			"staticCamber": [ -3.9594199657440186, -3.9505050182342529, -3.3568956851959229, -3.3508226871490479 ],
			"toeOutLinear": [ 0.00043260259553790092, 0.00043260597158223391, 0.0003009437641594559, 0.00030107403290458024 ],
			"casterLF": 13,
			"casterRF": 13,
			"steerRatio": 4
		},
		"electronics":
		{
			"tC1": 3,
			"tC2": 0,
			"abs": 2,
			"eCUMap": 0,
			"fuelMix": 0,
			"telemetryLaps": 10
		},
		"strategy":
		{
			"fuel": 58,
			"nPitStops": 0,
			"tyreSet": 4,
			"frontBrakePadCompound": 1,
			"rearBrakePadCompound": 1,
			"pitStrategy": [
				{
					"fuelToAdd": 0,
					"tyres":
					{
						"tyreCompound": 0,
						"tyrePressure": [ 47, 50, 47, 48 ]
					},
					"tyreSet": 2,
					"frontBrakePadCompound": 1,
					"rearBrakePadCompound": 1
				}
			],
			"fuelPerLap": 2.4934351444244385
		}
	},
	"advancedSetup":
	{
		"mechanicalBalance":
		{
			"aRBFront": 2,
			"aRBRear": 8,
			"wheelRate": [ 4, 4, 3, 3 ],
			"bumpStopRateUp": [ 5, 5, 2, 2 ],
			"bumpStopRateDn": [ 0, 0, 10, 10 ],
			"bumpStopWindow": [ 5, 5, 30, 30 ],
			"brakeTorque": 20,
			"brakeBias": 35
		},
		"dampers":
		{
			"bumpSlow": [ 28, 28, 34, 34 ],
			"bumpFast": [ 22, 22, 20, 20 ],
			"reboundSlow": [ 26, 26, 14, 14 ],
			"reboundFast": [ 22, 22, 18, 18 ]
		},
		"aeroBalance":
		{
			"rideHeight": [ 3, 11, 12, 18 ],
			"rodLength": [ 28.469242095947266, 28.469242095947266, 28.766061782836914, 28.766061782836914 ],
			"splitter": 0,
			"rearWing": 5,
			"brakeDuct": [ 4, 3 ]
		},
		"drivetrain":
		{
			"preload": 5
		}
	},
	"trackBopType": 28
}