{
	"carName": "ferrari_488_gt3_evo",
	"basicSetup":
	{
		"tyres":
		{
			"tyreCompound": 0,
			"tyrePressure": [ 58, 65, 59, 64 ]
		},
		"alignment":
		{
			"camber": [ 2, 2, 3, 3 ],
			"toe": [ 32, 32, 48, 48 ],
			"staticCamber": [ -2.8565969467163086, -2.8534128665924072, -2.0616395473480225, -2.0577735900878906 ],
			"toeOutLinear": [ 0.00092993432190269232, 0.00092993373982608318, -0.0004597654624376446, -0.00045966831385158002 ],
			"casterLF": 46,
			"casterRF": 46,
			"steerRatio": 4
		},
		"electronics":
		{
			"tC1": 5,
			"tC2": 5,
			"abs": 5,
			"eCUMap": 0,
			"fuelMix": 0,
			"telemetryLaps": 7
		},
		"strategy":
		{
			"fuel": 9,
			"nPitStops": 0,
			"tyreSet": 10,
			"frontBrakePadCompound": 0,
			"rearBrakePadCompound": 0,
			"pitStrategy": [
				{
					"fuelToAdd": 0,
					"tyres":
					{
						"tyreCompound": 0,
						"tyrePressure": [ 51, 67, 51, 63 ]
					},
					"tyreSet": 2,
					"frontBrakePadCompound": 1,
					"rearBrakePadCompound": 1
				}
			],
			"fuelPerLap": 2.6390671730041504
		}
	},
	"advancedSetup":
	{
		"mechanicalBalance":
		{
			"aRBFront": 41,
			"aRBRear": 9,
			"wheelRate": [ 7, 7, 3, 3 ],
			"bumpStopRateUp": [ 4, 4, 2, 2 ],
			"bumpStopRateDn": [ 0, 0, 10, 10 ],
			"bumpStopWindow": [ 2, 2, 50, 50 ],
			"brakeTorque": 20,
			"brakeBias": 50
		},
		"dampers":
		{
			"bumpSlow": [ 0, 0, 0, 0 ],
			"bumpFast": [ 1, 1, 2, 1 ],
			"reboundSlow": [ 1, 1, 8, 8 ],
			"reboundFast": [ 2, 2, 3, 3 ]
		},
		"aeroBalance":
		{
			"rideHeight": [ 0, 6, 5, 18 ],
			"rodLength": [ -35.218341827392578, -35.218341827392578, -21.50627326965332, -21.50627326965332 ],
			"splitter": 0,
			"rearWing": 13,
			"brakeDuct": [ 3, 2 ]
		},
		"drivetrain":
		{
			"preload": 8
		}
	},
	"trackBopType": 28
}