{
	"carName": "mclaren_720s_gt3",
	"basicSetup":
	{
		"tyres":
		{
			"tyreCompound": 0,
			"tyrePressure": [ 59, 60, 56, 57 ]
		},
		"alignment":
		{
			"camber": [ 4, 4, 4, 4 ],
			"toe": [ 38, 38, 17, 17 ],
			"staticCamber": [ -4.2086515426635742, -4.2082056999206543, -3.9822421073913574, -3.981532096862793 ],
			"toeOutLinear": [ 0.0015462090959772468, 0.0015462079318240285, 0.00033848936436697841, 0.00033847795566543937 ],
			"casterLF": 11,
			"casterRF": 11,
			"steerRatio": 2
		},
		"electronics":
		{
			"tC1": 3,
			"tC2": 6,
			"abs": 3,
			"eCUMap": 0,
			"fuelMix": 0,
			"telemetryLaps": 0
		},
		"strategy":
		{
			"fuel": 106,
			"nPitStops": 0,
			"tyreSet": 0,
			"frontBrakePadCompound": 1,
			"rearBrakePadCompound": 1,
			"pitStrategy": [
				{
					"fuelToAdd": 0,
					"tyres":
					{
						"tyreCompound": 0,
						"tyrePressure": [ 50, 58, 50, 57 ]
					},
					"tyreSet": 2,
					"frontBrakePadCompound": 1,
					"rearBrakePadCompound": 1
				}
			],
			"fuelPerLap": 3.2000000476837158
		}
	},
	"advancedSetup":
	{
		"mechanicalBalance":
		{
			"aRBFront": 9,
			"aRBRear": 13,
			"wheelRate": [ 5, 5, 4, 4 ],
			"bumpStopRateUp": [ 6, 6, 2, 2 ],
			"bumpStopRateDn": [ 0, 0, 10, 10 ],
			"bumpStopWindow": [ 1, 1, 20, 20 ],
			"brakeTorque": 20,
			"brakeBias": 43
		},
		"dampers":
		{
			"bumpSlow": [ 25, 25, 25, 25 ],
			"bumpFast": [ 13, 13, 14, 14 ],
			"reboundSlow": [ 27, 27, 25, 25 ],
			"reboundFast": [ 13, 13, 18, 18 ]
		},
		"aeroBalance":
		{
			"rideHeight": [ 0, 6, 9, 18 ],
			"rodLength": [ 54.739620208740234, 54.739620208740234, 40.024440765380859, 40.024440765380859 ],
			"splitter": 0,
			"rearWing": 7,
			"brakeDuct": [ 5, 4 ]
		},
		"drivetrain":
		{
			"preload": 10
		}
	},
	"trackBopType": 34
}