{
	"carName": "audi_r8_lms_evo",
	"basicSetup":
	{
		"tyres":
		{
			"tyreCompound": 0,
			"tyrePressure": [ 53, 62, 57, 61 ]
		},
		"alignment":
		{
			"camber": [ 10, 10, 13, 13 ],
			"toe": [ 29, 29, 62, 62 ],
			"staticCamber": [ -4.1651511192321777, -4.1506547927856445, -3.5066680908203125, -3.4941718578338623 ],
			"toeOutLinear": [ 0.00039705511881038547, 0.00039659475442022085, 0.00075171369826421142, 0.00075182248838245869 ],
			"casterLF": 14,
			"casterRF": 14,
			"steerRatio": 4
		},
		"electronics":
		{
			"tC1": 3,
			"tC2": 0,
			"abs": 3,
			"eCUMap": 0,
			"fuelMix": 0,
			"telemetryLaps": 15
		},
		"strategy":
		{
			"fuel": 58,
			"nPitStops": 0,
			"tyreSet": 0,
			"frontBrakePadCompound": 0,
			"rearBrakePadCompound": 0,
			"pitStrategy": [
				{
					"fuelToAdd": 0,
					"tyres":
					{
						"tyreCompound": 0,
						"tyrePressure": [ 50, 53, 47, 49 ]
					},
					"tyreSet": 2,
					"frontBrakePadCompound": 1,
					"rearBrakePadCompound": 1
				}
			],
			"fuelPerLap": 2.4500000476837158
		}
	},
	"advancedSetup":
	{
		"mechanicalBalance":
		{
			"aRBFront": 3,
			"aRBRear": 3,
			"wheelRate": [ 3, 3, 3, 3 ],
			"bumpStopRateUp": [ 7, 7, 4, 4 ],
			"bumpStopRateDn": [ 0, 0, 10, 10 ],
			"bumpStopWindow": [ 2, 2, 45, 45 ],
			"brakeTorque": 20,
			"brakeBias": 61
		},
		"dampers":
		{
			"bumpSlow": [ 10, 10, 14, 14 ],
			"bumpFast": [ 16, 16, 10, 10 ],
			"reboundSlow": [ 20, 20, 14, 14 ],
			"reboundFast": [ 26, 26, 15, 15 ]
		},
		"aeroBalance":
		{
			"rideHeight": [ 1, 6, 10, 18 ],
			"rodLength": [ 24.959037780761719, 24.959037780761719, 10.389427185058594, 10.389427185058594 ],
			"splitter": 0,
			"rearWing": 5,
			"brakeDuct": [ 3, 2 ]
		},
		"drivetrain":
		{
			"preload": 9
		}
	}
}