{
	"carName": "ferrari_488_gt3_evo",
	"basicSetup":
	{
		"tyres":
		{
			"tyreCompound": 0,
			"tyrePressure": [ 55, 57, 54, 55 ]
		},
		"alignment":
		{
			"camber": [ 0, 0, 0, 0 ],
			"toe": [ 25, 25, 50, 50 ],
			"staticCamber": [ -3.1246242523193359, -3.1233680248260498, -2.6026639938354492, -2.6019368171691895 ],
			"toeOutLinear": [ 0.0011332489084452391, 0.0011332471622154117, -0.00033972947858273983, -0.00033979446743614972 ],
			"casterLF": 49,
			"casterRF": 49,
			"steerRatio": 5
		},
		"electronics":
		{
			"tC1": 7,
			"tC2": 0,
			"abs": 4,
			"eCUMap": 0,
			"fuelMix": 0,
			"telemetryLaps": 7
		},
		"strategy":
		{
			"fuel": 12,
			"nPitStops": 0,
			"tyreSet": 5,
			"frontBrakePadCompound": 1,
			"rearBrakePadCompound": 1,
			"pitStrategy": [
				{
					"fuelToAdd": 0,
					"tyres":
					{
						"tyreCompound": 0,
						"tyrePressure": [ 52, 57, 53, 55 ]
					},
					"tyreSet": 2,
					"frontBrakePadCompound": 1,
					"rearBrakePadCompound": 1
				}
			],
			"fuelPerLap": 2.880000114440918
		}
	},
	"advancedSetup":
	{
		"mechanicalBalance":
		{
			"aRBFront": 36,
			"aRBRear": 30,
			"wheelRate": [ 8, 8, 4, 4 ],
			"bumpStopRateUp": [ 7, 7, 2, 2 ],
			"bumpStopRateDn": [ 0, 0, 10, 10 ],
			"bumpStopWindow": [ 0, 0, 20, 20 ],
			"brakeTorque": 20,
			"brakeBias": 30
		},
		"dampers":
		{
			"bumpSlow": [ 8, 8, 5, 5 ],
			"bumpFast": [ 8, 8, 7, 7 ],
			"reboundSlow": [ 7, 7, 5, 5 ],
			"reboundFast": [ 10, 10, 8, 8 ]
		},
		"aeroBalance":
		{
			"rideHeight": [ 2, 6, 13, 18 ],
			"rodLength": [ -33.365409851074219, -33.365409851074219, -14.080523490905762, -14.080523490905762 ],
			"splitter": 0,
			"rearWing": 14,
			"brakeDuct": [ 3, 2 ]
		},
		"drivetrain":
		{
			"preload": 28
		}
	},
	"trackBopType": 34
}