{
	"carName": "ferrari_488_gt3_evo",
	"basicSetup":
	{
		"tyres":
		{
			"tyreCompound": 0,
			"tyrePressure": [ 60, 60, 60, 60 ]
		},
		"alignment":
		{
			"camber": [ 2, 2, 3, 3 ],
			"toe": [ 32, 32, 48, 48 ],
			"staticCamber": [ -2.8588025569915771, -2.8588144779205322, -2.038905143737793, -2.0391314029693604 ],
			"toeOutLinear": [ 0.00092903617769479752, 0.00092903320910409093, -0.00046514486894011497, -0.00046497091534547508 ],
			"casterLF": 46,
			"casterRF": 46,
			"steerRatio": 4
		},
		"electronics":
		{
			"tC1": 5,
			"tC2": 5,
			"abs": 5,
			"eCUMap": 0,
			"fuelMix": 0,
			"telemetryLaps": 7
		},
		"strategy":
		{
			"fuel": 58,
			"nPitStops": 0,
			"tyreSet": 3,
			"frontBrakePadCompound": 1,
			"rearBrakePadCompound": 1,
			"pitStrategy": [
				{
					"fuelToAdd": 0,
					"tyres":
					{
						"tyreCompound": 0,
						"tyrePressure": [ 51, 67, 51, 63 ]
					},
					"tyreSet": 2,
					"frontBrakePadCompound": 1,
					"rearBrakePadCompound": 1
				}
			],
			"fuelPerLap": 3.0833067893981934
		}
	},
	"advancedSetup":
	{
		"mechanicalBalance":
		{
			"aRBFront": 42,
			"aRBRear": 8,
			"wheelRate": [ 8, 8, 3, 3 ],
			"bumpStopRateUp": [ 2, 2, 0, 0 ],
			"bumpStopRateDn": [ 0, 0, 10, 10 ],
			"bumpStopWindow": [ 2, 2, 50, 50 ],
			"brakeTorque": 20,
			"brakeBias": 50
		},
		"dampers":
		{
			"bumpSlow": [ 3, 3, 2, 2 ],
			"bumpFast": [ 1, 1, 2, 2 ],
			"reboundSlow": [ 7, 7, 8, 8 ],
			"reboundFast": [ 2, 2, 2, 2 ]
		},
		"aeroBalance":
		{
			"rideHeight": [ 0, 6, 4, 18 ],
			"rodLength": [ -35.692600250244141, -35.692600250244141, -21.04901123046875, -21.04901123046875 ],
			"splitter": 0,
			"rearWing": 11,
			"brakeDuct": [ 3, 2 ]
		},
		"drivetrain":
		{
			"preload": 10
		}
	},
	"trackBopType": 27
}