{
	"carName": "audi_r8_lms_evo",
	"basicSetup":
	{
		"tyres":
		{
			"tyreCompound": 0,
			"tyrePressure": [ 49, 61, 49, 61 ]
		},
		"alignment":
		{
			"camber": [ 10, 10, 14, 14 ],
			"toe": [ 29, 29, 52, 52 ],
			"staticCamber": [ -4.177548885345459, -4.1485357284545898, -3.4656479358673096, -3.4458158016204834 ],
			"toeOutLinear": [ 0.00040463675395585597, 0.00040397292468696833, 0.00041674991371110082, 0.00041685352334752679 ],
			"casterLF": 14,
			"casterRF": 14,
			"steerRatio": 4
		},
		"electronics":
		{
			"tC1": 3,
			"tC2": 0,
			"abs": 2,
			"eCUMap": 0,
			"fuelMix": 0,
			"telemetryLaps": 15
		},
		"strategy":
		{
			"fuel": 0,
			"nPitStops": 0,
			"tyreSet": 4,
			"frontBrakePadCompound": 0,
			"rearBrakePadCompound": 0,
			"pitStrategy": [
				{
					"fuelToAdd": 0,
					"tyres":
					{
						"tyreCompound": 0,
						"tyrePressure": [ 50, 53, 47, 49 ]
					},
					"tyreSet": 2,
					"frontBrakePadCompound": 1,
					"rearBrakePadCompound": 1
				}
			],
			"fuelPerLap": 2.7699999809265137
		}
	},
	"advancedSetup":
	{
		"mechanicalBalance":
		{
			"aRBFront": 1,
			"aRBRear": 4,
			"wheelRate": [ 3, 3, 3, 3 ],
			"bumpStopRateUp": [ 6, 6, 4, 4 ],
			"bumpStopRateDn": [ 0, 0, 10, 10 ],
			"bumpStopWindow": [ 2, 2, 45, 45 ],
			"brakeTorque": 20,
			"brakeBias": 64
		},
		"dampers":
		{
			"bumpSlow": [ 10, 10, 12, 12 ],
			"bumpFast": [ 16, 16, 10, 10 ],
			"reboundSlow": [ 20, 20, 20, 20 ],
			"reboundFast": [ 26, 26, 15, 15 ]
		},
		"aeroBalance":
		{
			"rideHeight": [ 1, 6, 11, 18 ],
			"rodLength": [ 25.572780609130859, 25.572780609130859, 10.835899353027344, 10.835899353027344 ],
			"splitter": 0,
			"rearWing": 5,
			"brakeDuct": [ 3, 1 ]
		},
		"drivetrain":
		{
			"preload": 3
		}
	}
}