{
	"carName": "audi_r8_lms_evo",
	"basicSetup":
	{
		"tyres":
		{
			"tyreCompound": 1,
			"tyrePressure": [ 52, 62, 40, 51 ]
		},
		"alignment":
		{
			"camber": [ 25, 25, 30, 30 ],
			"toe": [ 40, 40, 40, 40 ],
			"staticCamber": [ -2.6991686820983887, -2.694685697555542, -1.7803454399108887, -1.772646427154541 ],
			"toeOutLinear": [ 0.00027356523787602782, 0.00027358831721358001, 3.697238935274072e-05, 3.6988192732678726e-05 ],
			"casterLF": 15,
			"casterRF": 15,
			"steerRatio": 4
		},
		"electronics":
		{
			"tC1": 3,
			"tC2": 0,
			"abs": 3,
			"eCUMap": 4,
			"fuelMix": 0,
			"telemetryLaps": 10
		},
		"strategy":
		{
			"fuel": 60,
			"nPitStops": 0,
			"tyreSet": 0,
			"frontBrakePadCompound": 2,
			"rearBrakePadCompound": 2,
			"pitStrategy": [
				{
					"fuelToAdd": 0,
					"tyres":
					{
						"tyreCompound": 0,
						"tyrePressure": [ 0, 0, 0, 0 ]
					},
					"tyreSet": 2,
					"frontBrakePadCompound": 0,
					"rearBrakePadCompound": 0
				}
			],
			"fuelPerLap": 3.2300000190734863
		}
	},
	"advancedSetup":
	{
		"mechanicalBalance":
		{
			"aRBFront": 3,
			"aRBRear": 0,
			"wheelRate": [ 0, 0, 0, 0 ],
			"bumpStopRateUp": [ 5, 5, 2, 2 ],
			"bumpStopRateDn": [ 0, 0, 10, 10 ],
			"bumpStopWindow": [ 2, 2, 60, 60 ],
			"brakeTorque": 20,
			"brakeBias": 13
		},
		"dampers":
		{
			"bumpSlow": [ 20, 20, 8, 8 ],
			"bumpFast": [ 18, 18, 10, 10 ],
			"reboundSlow": [ 20, 20, 14, 14 ],
			"reboundFast": [ 20, 20, 16, 16 ]
		},
		"aeroBalance":
		{
			"rideHeight": [ 11, 6, 4, 18 ],
			"rodLength": [ 43.779586791992188, 43.779586791992188, 13.446189880371094, 13.446189880371094 ],
			"splitter": 0,
			"rearWing": 3,
			"brakeDuct": [ 3, 2 ]
		},
		"drivetrain":
		{
			"preload": 6
		}
	}
}