{
	"carName": "audi_r8_lms_evo",
	"basicSetup":
	{
		"tyres":
		{
			"tyreCompound": 1,
			"tyrePressure": [ 52, 62, 40, 51 ]
		},
		"alignment":
		{
			"camber": [ 25, 25, 30, 30 ],
			"toe": [ 40, 40, 40, 40 ],
			"staticCamber": [ -2.671804666519165, -2.6670107841491699, -1.9142450094223022, -1.9068883657455444 ],
			"toeOutLinear": [ 0.00021267752163112164, 0.00021216802997514606, 1.6862450138432905e-05, 1.6865980796865188e-05 ],
			"casterLF": 15,
			"casterRF": 15,
			"steerRatio": 4
		},
		"electronics":
		{
			"tC1": 6,
			"tC2": 0,
			"abs": 5,
			"eCUMap": 4,
			"fuelMix": 0,
			"telemetryLaps": 10
		},
		"strategy":
		{
			"fuel": 58,
			"nPitStops": 0,
			"tyreSet": 0,
			"frontBrakePadCompound": 2,
			"rearBrakePadCompound": 2,
			"pitStrategy": [
				{
					"fuelToAdd": 0,
					"tyres":
					{
						"tyreCompound": 0,
						"tyrePressure": [ 0, 0, 0, 0 ]
					},
					"tyreSet": 2,
					"frontBrakePadCompound": 0,
					"rearBrakePadCompound": 0
				}
			],
			"fuelPerLap": 2.2833595275878906
		}
	},
	"advancedSetup":
	{
		"mechanicalBalance":
		{
			"aRBFront": 3,
			"aRBRear": 0,
			"wheelRate": [ 0, 0, 0, 0 ],
			"bumpStopRateUp": [ 5, 5, 2, 2 ],
			"bumpStopRateDn": [ 0, 0, 10, 10 ],
			"bumpStopWindow": [ 2, 2, 60, 60 ],
			"brakeTorque": 20,
			"brakeBias": 15
		},
		"dampers":
		{
			"bumpSlow": [ 20, 20, 10, 10 ],
			"bumpFast": [ 18, 18, 10, 10 ],
			"reboundSlow": [ 25, 25, 14, 14 ],
			"reboundFast": [ 20, 20, 16, 16 ]
		},
		"aeroBalance":
		{
			"rideHeight": [ 6, 6, 11, 18 ],
			"rodLength": [ 35.727169036865234, 35.727169036865234, 18.287715911865234, 18.287715911865234 ],
			"splitter": 0,
			"rearWing": 5,
			"brakeDuct": [ 3, 2 ]
		},
		"drivetrain":
		{
			"preload": 6
		}
	}
}