{
	"carName": "audi_r8_lms_evo",
	"basicSetup":
	{
		"tyres":
		{
			"tyreCompound": 1,
			"tyrePressure": [ 77, 82, 72, 73 ]
		},
		"alignment":
		{
			"camber": [ 30, 30, 35, 35 ],
			"toe": [ 40, 40, 40, 40 ],
			"staticCamber": [ -2.1761884689331055, -2.1738038063049316, -1.3222836256027222, -1.321515679359436 ],
			"toeOutLinear": [ 0.00022310265921987593, 0.00022308655024971813, 3.0761795642320067e-05, 3.0764298571739346e-05 ],
			"casterLF": 15,
			"casterRF": 15,
			"steerRatio": 4
		},
		"electronics":
		{
			"tC1": 6,
			"tC2": 0,
			"abs": 5,
			"eCUMap": 4,
			"fuelMix": 0,
			"telemetryLaps": 10
		},
		"strategy":
		{
			"fuel": 58,
			"nPitStops": 0,
			"tyreSet": 0,
			"frontBrakePadCompound": 2,
			"rearBrakePadCompound": 2,
			"pitStrategy": [
				{
					"fuelToAdd": 0,
					"tyres":
					{
						"tyreCompound": 0,
						"tyrePressure": [ 0, 0, 0, 0 ]
					},
					"tyreSet": 2,
					"frontBrakePadCompound": 0,
					"rearBrakePadCompound": 0
				}
			],
			"fuelPerLap": 3.1275079250335693
		}
	},
	"advancedSetup":
	{
		"mechanicalBalance":
		{
			"aRBFront": 2,
			"aRBRear": 0,
			"wheelRate": [ 1, 1, 0, 0 ],
			"bumpStopRateUp": [ 5, 5, 2, 2 ],
			"bumpStopRateDn": [ 0, 0, 10, 10 ],
			"bumpStopWindow": [ 2, 2, 60, 60 ],
			"brakeTorque": 20,
			"brakeBias": 10
		},
		"dampers":
		{
			"bumpSlow": [ 15, 15, 12, 12 ],
			"bumpFast": [ 0, 0, 0, 0 ],
			"reboundSlow": [ 27, 27, 14, 14 ],
			"reboundFast": [ 0, 0, 0, 0 ]
		},
		"aeroBalance":
		{
			"rideHeight": [ 6, 6, 6, 18 ],
			"rodLength": [ 35.488243103027344, 35.488243103027344, 14.765399932861328, 14.765399932861328 ],
			"splitter": 0,
			"rearWing": 5,
			"brakeDuct": [ 2, 2 ]
		},
		"drivetrain":
		{
			"preload": 10
		}
	}
}