{
	"carName": "ferrari_488_gt3_evo",
	"basicSetup":
	{
		"tyres":
		{
			"tyreCompound": 0,
			"tyrePressure": [ 46, 65, 49, 59 ]
		},
		"alignment":
		{
			"camber": [ 0, 0, 0, 0 ],
			"toe": [ 30, 30, 40, 40 ],
			"staticCamber": [ -3.0595431327819824, -3.0488874912261963, -2.4998183250427246, -2.4924411773681641 ],
			"toeOutLinear": [ 0.00095886416966095567, 0.0009588669054210186, -0.0005949350306764245, -0.00059490470448508859 ],
			"casterLF": 52,
			"casterRF": 52,
			"steerRatio": 5
		},
		"electronics":
		{
			"tC1": 5,
			"tC2": 5,
			"abs": 5,
			"eCUMap": 0,
			"fuelMix": 0,
			"telemetryLaps": 7
		},
		"strategy":
		{
			"fuel": 9,
			"nPitStops": 0,
			"tyreSet": 0,
			"frontBrakePadCompound": 0,
			"rearBrakePadCompound": 0,
			"pitStrategy": [
				{
					"fuelToAdd": 0,
					"tyres":
					{
						"tyreCompound": 0,
						"tyrePressure": [ 48, 58, 49, 56 ]
					},
					"tyreSet": 2,
					"frontBrakePadCompound": 1,
					"rearBrakePadCompound": 1
				}
			],
			"fuelPerLap": 2.6099998950958252
		}
	},
	"advancedSetup":
	{
		"mechanicalBalance":
		{
			"aRBFront": 38,
			"aRBRear": 20,
			"wheelRate": [ 9, 9, 5, 5 ],
			"bumpStopRateUp": [ 9, 9, 2, 2 ],
			"bumpStopRateDn": [ 0, 0, 10, 10 ],
			"bumpStopWindow": [ 3, 3, 8, 8 ],
			"brakeTorque": 20,
			"brakeBias": 39
		},
		"dampers":
		{
			"bumpSlow": [ 8, 8, 3, 3 ],
			"bumpFast": [ 2, 2, 3, 3 ],
			"reboundSlow": [ 4, 4, 7, 7 ],
			"reboundFast": [ 4, 4, 4, 4 ]
		},
		"aeroBalance":
		{
			"rideHeight": [ 0, 6, 10, 18 ],
			"rodLength": [ -36.487743377685547, -36.487743377685547, -18.373991012573242, -18.373991012573242 ],
			"splitter": 0,
			"rearWing": 13,
			"brakeDuct": [ 4, 4 ]
		},
		"drivetrain":
		{
			"preload": 13
		}
	},
	"trackBopType": 35
}