{
	"carName": "audi_r8_lms_evo",
	"basicSetup":
	{
		"tyres":
		{
			"tyreCompound": 0,
			"tyrePressure": [ 53, 62, 52, 62 ]
		},
		"alignment":
		{
			"camber": [ 14, 14, 16, 16 ],
			"toe": [ 34, 34, 43, 43 ],
			"staticCamber": [ -3.7393088340759277, -3.740713357925415, -3.1232845783233643, -3.1223006248474121 ],
			"toeOutLinear": [ 0.00027689806302078068, 0.00027709806454367936, 0.00014243746409192681, 0.00014240664313547313 ],
			"casterLF": 14,
			"casterRF": 14,
			"steerRatio": 4
		},
		"electronics":
		{
			"tC1": 3,
			"tC2": 0,
			"abs": 2,
			"eCUMap": 0,
			"fuelMix": 0,
			"telemetryLaps": 15
		},
		"strategy":
		{
			"fuel": 12,
			"nPitStops": 0,
			"tyreSet": 9,
			"frontBrakePadCompound": 0,
			"rearBrakePadCompound": 0,
			"pitStrategy": [
				{
					"fuelToAdd": 0,
					"tyres":
					{
						"tyreCompound": 0,
						"tyrePressure": [ 50, 53, 47, 49 ]
					},
					"tyreSet": 2,
					"frontBrakePadCompound": 1,
					"rearBrakePadCompound": 1
				}
			],
			"fuelPerLap": 3.4574997425079346
		}
	},
	"advancedSetup":
	{
		"mechanicalBalance":
		{
			"aRBFront": 1,
			"aRBRear": 2,
			"wheelRate": [ 3, 3, 2, 2 ],
			"bumpStopRateUp": [ 7, 7, 4, 4 ],
			"bumpStopRateDn": [ 0, 0, 10, 10 ],
			"bumpStopWindow": [ 2, 2, 45, 45 ],
			"brakeTorque": 20,
			"brakeBias": 63
		},
		"dampers":
		{
			"bumpSlow": [ 9, 9, 14, 14 ],
			"bumpFast": [ 18, 18, 12, 12 ],
			"reboundSlow": [ 24, 24, 20, 20 ],
			"reboundFast": [ 28, 28, 15, 15 ]
		},
		"aeroBalance":
		{
			"rideHeight": [ 1, 6, 3, 18 ],
			"rodLength": [ 24.614265441894531, 24.614265441894531, 4.9521884918212891, 4.9521884918212891 ],
			"splitter": 0,
			"rearWing": 1,
			"brakeDuct": [ 2, 1 ]
		},
		"drivetrain":
		{
			"preload": 4
		}
	}
}