{
	"carName": "audi_r8_lms_evo",
	"basicSetup":
	{
		"tyres":
		{
			"tyreCompound": 0,
			"tyrePressure": [ 53, 62, 52, 62 ]
		},
		"alignment":
		{
			"camber": [ 14, 14, 16, 16 ],
			"toe": [ 34, 34, 45, 45 ],
			"staticCamber": [ -3.7414076328277588, -3.7408440113067627, -3.0991561412811279, -3.0959765911102295 ],
			"toeOutLinear": [ 0.00027835890068672597, 0.00027871210477314889, 0.0002112220972776413, 0.00021118602307979017 ],
			"casterLF": 14,
			"casterRF": 14,
			"steerRatio": 4
		},
		"electronics":
		{
			"tC1": 3,
			"tC2": 0,
			"abs": 2,
			"eCUMap": 0,
			"fuelMix": 0,
			"telemetryLaps": 15
		},
		"strategy":
		{
			"fuel": 58,
			"nPitStops": 0,
			"tyreSet": 8,
			"frontBrakePadCompound": 0,
			"rearBrakePadCompound": 0,
			"pitStrategy": [
				{
					"fuelToAdd": 0,
					"tyres":
					{
						"tyreCompound": 0,
						"tyrePressure": [ 50, 53, 47, 49 ]
					},
					"tyreSet": 2,
					"frontBrakePadCompound": 1,
					"rearBrakePadCompound": 1
				}
			],
			"fuelPerLap": 3.4570610523223877
		}
	},
	"advancedSetup":
	{
		"mechanicalBalance":
		{
			"aRBFront": 2,
			"aRBRear": 3,
			"wheelRate": [ 3, 3, 2, 2 ],
			"bumpStopRateUp": [ 7, 7, 4, 4 ],
			"bumpStopRateDn": [ 0, 0, 10, 10 ],
			"bumpStopWindow": [ 2, 2, 45, 45 ],
			"brakeTorque": 20,
			"brakeBias": 63
		},
		"dampers":
		{
			"bumpSlow": [ 9, 9, 14, 14 ],
			"bumpFast": [ 18, 18, 12, 12 ],
			"reboundSlow": [ 24, 24, 20, 20 ],
			"reboundFast": [ 28, 28, 15, 15 ]
		},
		"aeroBalance":
		{
			"rideHeight": [ 1, 6, 2, 18 ],
			"rodLength": [ 25.042421340942383, 25.042421340942383, 4.9294643402099609, 4.9294643402099609 ],
			"splitter": 0,
			"rearWing": 1,
			"brakeDuct": [ 2, 1 ]
		},
		"drivetrain":
		{
			"preload": 5
		}
	}
}