{
	"carName": "mclaren_720s_gt3",
	"basicSetup":
	{
		"tyres":
		{
			"tyreCompound": 1,
			"tyrePressure": [ 65, 72, 57, 62 ]
		},
		"alignment":
		{
			"camber": [ 25, 25, 30, 30 ],
			"toe": [ 48, 48, 10, 10 ],
			"staticCamber": [ -3.0807387828826904, -3.0837240219116211, -2.8892769813537598, -2.8921513557434082 ],
			"toeOutLinear": [ 0.0016106819966807961, 0.0016107559204101563, 0.00018243574595544487, 0.00018248306878376752 ],
			"casterLF": 11,
			"casterRF": 11,
			"steerRatio": 2
		},
		"electronics":
		{
			"tC1": 5,
			"tC2": 11,
			"abs": 4,
			"eCUMap": 7,
			"fuelMix": 0,
			"telemetryLaps": 10
		},
		"strategy":
		{
			"fuel": 58,
			"nPitStops": 0,
			"tyreSet": 0,
			"frontBrakePadCompound": 2,
			"rearBrakePadCompound": 2,
			"pitStrategy": [
				{
					"fuelToAdd": 0,
					"tyres":
					{
						"tyreCompound": 0,
						"tyrePressure": [ 72, 72, 71, 71 ]
					},
					"tyreSet": 2,
					"frontBrakePadCompound": 2,
					"rearBrakePadCompound": 2
				}
			],
			"fuelPerLap": 3.6625027656555176
		}
	},
	"advancedSetup":
	{
		"mechanicalBalance":
		{
			"aRBFront": 5,
			"aRBRear": 1,
			"wheelRate": [ 1, 1, 1, 1 ],
			"bumpStopRateUp": [ 6, 6, 2, 2 ],
			"bumpStopRateDn": [ 0, 0, 10, 10 ],
			"bumpStopWindow": [ 1, 1, 50, 50 ],
			"brakeTorque": 20,
			"brakeBias": 15
		},
		"dampers":
		{
			"bumpSlow": [ 15, 15, 15, 15 ],
			"bumpFast": [ 30, 30, 23, 23 ],
			"reboundSlow": [ 8, 8, 22, 22 ],
			"reboundFast": [ 9, 9, 23, 23 ]
		},
		"aeroBalance":
		{
			"rideHeight": [ 10, 6, 8, 18 ],
			"rodLength": [ 71.924812316894531, 71.924812316894531, 45.507308959960938, 45.507308959960938 ],
			"splitter": 0,
			"rearWing": 3,
			"brakeDuct": [ 4, 4 ]
		},
		"drivetrain":
		{
			"preload": 8
		}
	}
}